"image_name","target"
"AFGGBMQHHFGQJZXZ.jpeg","1"
"AFGG4FYMHUHRZKZZ.jpeg","1"
"AFGFN6YDXWXHJSWY.jpeg","1"
"AFGGDV4HJFCKFHYK.jpeg","1"
"AFGFPKBVZDZDTNHG.jpeg","1"
"AFGG42XWPYNSW7QW.jpeg","1"
"VPAGFRUWJQWM9Z3G.jpeg","1"
"AFGG8Z8ATT44JW3F.jpeg","1"
"AFGG4TFJE84RE6KQ.jpeg","1"
"AFGG8Z8AGZSYDGXR.jpeg","1"
"AFGG8Z8AHGVW4NW4.jpeg","1"
"MUGFAZY4HEVWYPHY.jpeg","1"
"AFGG4CFFYFYCAT8A.jpeg","1"
"MUGGHCCF4FXA7HCF.jpeg","1"
"AFGG8Z8ASCA48YZG.jpeg","1"
"MUGG9FYWXBFPGCJF.jpeg","1"
"MUGG69MNCM73NQ3H.jpeg","1"
"MUGG9FZ9PZ9EUY7H.jpeg","1"
"MUGGCVFGDZF8KZHB.jpeg","1"
"MUGGEP6QUHDDRDFC.jpeg","1"
"MUGGBTPYT6VG4GZP.jpeg","1"
"AFGFFTRXHGZY77FV.jpeg","1"
"MUGGFWYSAPXZWEP6.jpeg","1"
"AFGG2YB7F95HWRUJ.jpeg","1"
"MUGGG3DR3A4SHEYZ.jpeg","1"
"AFGG8Z8AZ8VGFCUH.jpeg","1"
"MUGGJFNWDZA34CNN.jpeg","1"
"AFGG8Z8AGWCAGSZ6.jpeg","1"
"MUGG9TD2CZGCUPMC.jpeg","1"
"AFGG8Z8AMRMNGFDC.jpeg","1"
"MUGG7YG3TQMGGU4P.jpeg","1"
"MUGGJFJJSZX3DADD.jpeg","1"
"AFGG8Z8ARBWBQGJC.jpeg","1"
"MUGFVCGDZKHHG7ZX.jpeg","1"
"MUGG5D6RE4VWH2TE.jpeg","1"
"MUGGD25Z3CPDFHD2.jpeg","1"
"RCTGA4FQHFTXAGMU.jpeg","1"
"MUGFD5V7HM5HJHGH.jpeg","1"
"MUGG83YMPGZNU6BX.jpeg","1"
"MUGGKFCFKMKSWSNQ.jpeg","1"
"AFGG8Z8AATRFZFKV.jpeg","1"
"MUGG7FARFVM2VANQ.jpeg","1"
"AFGG2YB7RT2X5HCP.jpeg","1"
"MUGGCYGQF9WBQN72.jpeg","1"
"AFGG8Z8AN89YCZNE.jpeg","1"
"MUGGYF7MRBDGBATH.jpeg","1"
"AFGG8Z8AKNQSJSTU.jpeg","1"
"MUGGJFJK8C8ZVZXF.jpeg","1"
"MUGGHX9APX7GKHXE.jpeg","1"
"MUGGCYGSENHTE4NU.jpeg","1"
"MUGGGC2HRR9Y7CYM.jpeg","1"
"MUGG4KSY2NSPEUPQ.jpeg","1"
"MUGGHCCHQVB9M5BJ.jpeg","1"
"MUGGBE8222GFCHKY.jpeg","1"
"MUGFJ2ZQTKHHXGKB.jpeg","1"
"MUGFYHGNUHNEHQM7.jpeg","1"
"MUGFVV3XHKCARSZK.jpeg","1"
"MUGGFWX9GZMXDYHJ.jpeg","1"
"MUGGGGDXSYZTHZEX.jpeg","1"
"MUGGJ2NTZWYGNAZF.jpeg","1"
"MUGGJ2NS5WRFXH2M.jpeg","1"
"MUGGCYGRRWZCPYZH.jpeg","1"
"MUGFJ2ZQBW24TSN9.jpeg","1"
"MUGGAEGTQZBSBMKF.jpeg","1"
"MUGGHCCHZNDCCK78.jpeg","1"
"MUGFDFG4VESQEFJY.jpeg","1"
"MUGG5D7AFXVRAFY2.jpeg","1"
"MUGG3WYVHG9VMZ66.jpeg","1"
"MUGGFDPTV2SUMA2Z.jpeg","1"
"MUGG9FYWPHUTZHCK.jpeg","1"
"MUGGABHZFDKTFZRA.jpeg","1"
"MUGG9FZ7FRPXMKPZ.jpeg","1"
"MUGG9FZAHRRKMJ7Z.jpeg","1"
"MUGFVV3V6MPG9KZJ.jpeg","1"
"MUGGJ2NTCAMHHJEZ.jpeg","1"
"MUGEY3M8NG92CYNF.jpeg","1"
"MUGGHCCFDYRNSDFN.jpeg","1"
"MUGFGH8HZ2NMPKJ6.jpeg","1"
"MUGGAA96UGGHUB8W.jpeg","1"
"MUGFD4HTE5H9BKJF.jpeg","1"
"MUGGGDZC5ARHKJYY.jpeg","1"
"MUGFGH8FGPXUHEFU.jpeg","1"
"MUGFJ2ZMU9RHJZY8.jpeg","1"
"MUGEY5T5WNQKQPST.jpeg","1"
"MUGGHFSZRCTFRGDG.jpeg","1"
"MUGFGH8HXSFPGGDZ.jpeg","1"
"MUGFGH8GZZGXWBFF.jpeg","1"
"MUGFGH8GRC3GXKPB.jpeg","1"
"MUGFJ2ZPDTWSECPW.jpeg","1"
"MUGFGH8EERAZNEWC.jpeg","1"
"MUGFGH8KYF2XTVJB.jpeg","1"
"MUGFGH8ZQJF3KTXH.jpeg","1"
"MUGFJ2ZRWUZZKD8D.jpeg","1"
"MUGFGU2KAWQQKKBD.jpeg","1"
"MUGFGU2KVEPFSWMH.jpeg","1"
"MUGFJ2ZRD6BUHMHH.jpeg","1"
"MUGFJ2ZQADHXJYGH.jpeg","1"
"MUGGJFJJ5Q229WUB.jpeg","1"
"MUGFJ2ZQE9GHNXFY.jpeg","1"
"MUGFGU2KGVHDXMG2.jpeg","1"
"MUGFJ2ZQZCM8H8PN.jpeg","1"
"MUGGHFSZYUX9VPZ3.jpeg","1"
"MUGFGU2J9D9DSSAZ.jpeg","1"
"MUGFGU2JZSF9UGGS.jpeg","1"
"MUGFGU2KMCJAYHGW.jpeg","1"
"MUGFJ2ZQBTBC7RY8.jpeg","1"
"MUGFGU2J7HGDBWFF.jpeg","1"
"MUGFJ2ZQQUTZDBUV.jpeg","1"
"MUGFJ2ZQBYDQXHNP.jpeg","1"
"MUGFGH8HK6YPYUQB.jpeg","1"
"MUGFJ2ZPZKDBEXGH.jpeg","1"
"MUGG26WJNSTPGQYJ.jpeg","1"
"MUGEY5T6KMBHGZZK.jpeg","1"
"MUGFJ2ZQ2KHEAGEK.jpeg","1"
"MUGFD4HQMNKGGTFU.jpeg","1"
"MUGFJ2ZZFSAGNFTZ.jpeg","1"
"MUGEY5T62TVY3EJF.jpeg","1"
"MUGFGU2KVKA3GCWX.jpeg","1"
"MUGGHCCHZEYDRZPQ.jpeg","1"
"MUGGGDZCBUNHEBVH.jpeg","1"
"MUGFJ2ZQAKFAKEPC.jpeg","1"
"MUGFJ2ZRFANFTAR3.jpeg","1"
"MUGFGH984UQ2PSSZ.jpeg","1"
"MUGFGU2JF69JAKX9.jpeg","1"
"MUGFGU2KNMWJHY4P.jpeg","1"
"MUGFJ2ZPSYY8YAZY.jpeg","1"
"MUGF7JYDRCTPZGF9.jpeg","1"
"MUGFGU2JE3HZWFZZ.jpeg","1"
"MUGGHFHCVAGEZHP2.jpeg","1"
"MUGGJFJKCBDPGGJS.jpeg","1"
"MUGGAEGUHNBGCYGH.jpeg","1"
"MUGFGU2J89ZF77SY.jpeg","1"
"MUGFJ2ZPPHH5XNEM.jpeg","1"
"MUGGAEGTG4YKKGD3.jpeg","1"
"MUGGHCCFCHCDDUGW.jpeg","1"
"MUGFGH8N6JCQWGZD.jpeg","1"
"MUGEY5T6NZHS4H7M.jpeg","1"
"MUGFGU2KGSM6H4ZF.jpeg","1"
"MUGFJ2ZQ34AHVQBN.jpeg","1"
"MUGFH33ZDRTJQ2FG.jpeg","1"
"MUGFGU2JTZQZHBT6.jpeg","1"
"MUGFJ2ZPGKJD9A44.jpeg","1"
"MUGGJFJJMWJTCP8P.jpeg","1"
"MUGFGU2JBMV2GRFG.jpeg","1"
"MUGGHCCF2ZQBTGWY.jpeg","1"
"MUGFJ2ZQRSD3MZMS.jpeg","1"
"MUGFGU2KNSHDYZDY.jpeg","1"
"MUGGJ2NTNWMBRPJS.jpeg","1"
"MUGFH33ZGUUYDSAE.jpeg","1"
"MUGGHFSZHXZZ7GDV.jpeg","1"
"MUGFGH8HT5GM6RZQ.jpeg","1"
"MUGFJ2ZPCESCUK5F.jpeg","1"
"MUGFGH8SCYHYDEUW.jpeg","1"
"MUGGJFJJNHGUWD5B.jpeg","1"
"MUGFGU2JH6W4SNEE.jpeg","1"
"MUGFGH8GMUZMGAFC.jpeg","1"
"MUGFGU2JDHMYDXJ9.jpeg","1"
"MUGFGH8GRXZPXCZK.jpeg","1"
"MUGFD4HTWZKUBJXG.jpeg","1"
"MUGGJFNZYKCKXYRV.jpeg","1"
"MUGGJ2NTZFZCP7QP.jpeg","1"
"MUGGHFSN2H3YCH7N.jpeg","1"
"MUGFGH8HNYMZCWBT.jpeg","1"
"MUGGAEGTAKP7K2M5.jpeg","1"
"MUGFGU2JPWUHJHEA.jpeg","1"
"MUGFGH8H5WWQ2M8S.jpeg","1"
"MUGFGH8G9PS6YEYR.jpeg","1"
"MUGFGU2K47MRVQC6.jpeg","1"
"MUGG9FZ5Z7HH7MGD.jpeg","1"
"MUGEY5T5FSKBGN2H.jpeg","1"
"MUGFGU2J5FPXKA4G.jpeg","1"
"MUGGAEZW2ZBVPYRX.jpeg","1"
"MUGFVV3W4YPHKZJY.jpeg","1"
"MUGGAEGT5ZM5RZAR.jpeg","1"
"MUGGAEGT6GVKWTH6.jpeg","1"
"MUGFGH8HDYBTHHBS.jpeg","1"
"MUGGAEGTDHMMF7PV.jpeg","1"
"MUGFJ2ZNF2YDPTEN.jpeg","1"
"MUGGHFSZBMKUFAYB.jpeg","1"
"MUGGHCCF6Z7EK5DF.jpeg","1"
"MUGG8YZTNHXPWZZY.jpeg","1"
"MUGG78Z3DPXZ55N4.jpeg","1"
"MUGGAEGTFGKEWXWS.jpeg","1"
"MUGGHCCFFSGUQMCA.jpeg","1"
"MUGGJ2NTC577AKDA.jpeg","1"
"MUGFH33XT4ZCVN2V.jpeg","1"
"MUGFGH8HGKEVJTGH.jpeg","1"
"MUGG9TD2FS2FKYGS.jpeg","1"
"MUGGCV3NNBHYGZQV.jpeg","1"
"MUGGAEGTXDNEGZW6.jpeg","1"
"MUGGJ2NTFGZKSZGP.jpeg","1"
"MUGGYAGFGTYRYD9F.jpeg","1"
"MUGFH33ZXZJQQCRG.jpeg","1"
"MUGGHFHZY3HYZ5JH.jpeg","1"
"MUGGJ2NUMJDTZVHY.jpeg","1"
"MUGGAEGTDSZSWB7B.jpeg","1"
"MUGGAEGUJXHD7VES.jpeg","1"
"MUGFGH8NWSBZGFWG.jpeg","1"
"MUGFGH8HB52CXDY2.jpeg","1"
"MUGGAEGTHGMZYG5D.jpeg","1"
"MUGFYQRZ3CGCPTKY.jpeg","1"
"MUGFH33XMUKBKCNW.jpeg","1"
"MUGGAEGTZQAGFUYH.jpeg","1"
"MUGGAEGTGB25RTGP.jpeg","1"
"MUGFH33XFT5U6RRB.jpeg","1"
"MUGGAEGTPC9ZPPJQ.jpeg","1"
"MUGGAEGTRSHFY3XZ.jpeg","1"
"MUGGAEGTQPPK9TYQ.jpeg","1"
"MUGG26WJPSRZUKHG.jpeg","1"
"MUGG9FZBP4V9Z282.jpeg","1"
"MUGGJ2NSY2RMSZZB.jpeg","1"
"MUGGAEGTAFYZBCMF.jpeg","1"
"MUGGHCCHFFCQKMGY.jpeg","1"
"MUGGH6RDXAUXUESD.jpeg","1"
"MUGFGGQ7UHT44FNC.jpeg","1"
"MUGGH6RDAUYYVU5Y.jpeg","1"
"MUGFH33YDBVZWFHZ.jpeg","1"
"MUGFH33Z3NJXCRPN.jpeg","1"
"MUGFH33XZA76FNCH.jpeg","1"
"MUGGAEGT4CT5GUHA.jpeg","1"
"MUGFW53QZABPHMZZ.jpeg","1"
"MUGGAEGTD85EHNZB.jpeg","1"
"MUGGAEGT2NSYCNMS.jpeg","1"
"MUGF7JYC3VVSPMDR.jpeg","1"
"MUGFH33ZAEHNXSNZ.jpeg","1"
"MUGGAEGUYXRD6CYG.jpeg","1"
"MUGGAEGT2JGPHHQC.jpeg","1"
"MUGGAEGUEFZRMTNU.jpeg","1"
"MUGGAEGTV6HQZMVY.jpeg","1"
"MUGF7FY9EXYSDEAS.jpeg","1"
"MUGFH33YGFCGKRHM.jpeg","1"
"MUGFGU2JFBSSNNVM.jpeg","1"
"MUGGAEGUVZCRAWEP.jpeg","1"
"MUGG2PS9XPQD8DMT.jpeg","1"
"MUGFH33XYVGD9FRE.jpeg","1"
"MUGFH33WNEA2UPXM.jpeg","1"
"MUGFH33XQY8G5QZ7.jpeg","1"
"MUGGAEGTAYDQ6TNJ.jpeg","1"
"MUGFH33ZVZKVMWAW.jpeg","1"
"MUGFH33Z3NFBPA3W.jpeg","1"
"MUGFH34YXC5G36DV.jpeg","1"
"MUGFH33ZNC7TWPZ3.jpeg","1"
"MUGGAA96RJYTQPTE.jpeg","1"
"MUGGCV9VUSG7WAGA.jpeg","1"
"MUGFVV4FWVSZVWGK.jpeg","1"
"MUGFH34YJGEEMUNZ.jpeg","1"
"MUGFH33ZZJAWVFHU.jpeg","1"
"MUGFH33YMMUVASXN.jpeg","1"
"MUGFH33ZAMNHNZAQ.jpeg","1"
"MUGGAEGTMYKPWUJY.jpeg","1"
"MUGGGHNEYBGD4WGV.jpeg","1"
"MUGGAEGTGGC5GHMW.jpeg","1"
"MUGGH6RCX3DCWRFF.jpeg","1"
"MUGGH2RZVGMFFRDG.jpeg","1"
"MUGFH343RQGSDJEC.jpeg","1"
"MUGGAHX4QHUEB6HC.jpeg","1"
"MUGGAEGUH3Y9BRQC.jpeg","1"
"MUGGFDPTEG9JD7XZ.jpeg","1"
"MUGGAEGTFV22NWVW.jpeg","1"
"MUGGAEGT3PB7GVUE.jpeg","1"
"MUGGAEGTFWBDNQ2J.jpeg","1"
"MUGGAEGUMB2A4WJS.jpeg","1"
"MUGGAEGTPSVXMRJA.jpeg","1"
"MUGFH33XZ8A8AHHW.jpeg","1"
"MUGGAEGTSYSMJHGM.jpeg","1"
"MUGG9FZKSHHZB79T.jpeg","1"
"MUGFJ2ZQYRHSSJQH.jpeg","1"
"MUGGAEGTW4YY3RGV.jpeg","1"
"MUGGAEGTJSQK25SU.jpeg","1"
"MUGG3WYU6RZHAFZF.jpeg","1"
"MUGGH6RCHNEYBHHK.jpeg","1"
"MUGGHFHE3MZXKRFQ.jpeg","1"
"MUGFS3QEYWKF6HKB.jpeg","1"
"MUGGCYGQWH4YYX3Z.jpeg","1"
"MUGGH6RDEGGHHBVZ.jpeg","1"
"MUGGAEGTT35EPQV2.jpeg","1"
"MUGFGU2JCMEY7KVP.jpeg","1"
"MUGGAHZ9T5PRCWAV.jpeg","1"
"MUGGHFHEXPVZBPGN.jpeg","1"
"MUGGAEGTG8K6RUTQ.jpeg","1"
"MUGGHFG8PDDJJHGP.jpeg","1"
"MUGGD67SMZWGJENV.jpeg","1"
"MUGG27WX7ACPPCGT.jpeg","1"
"MUGFG9DPBHC7WZQP.jpeg","1"
"MUGGHFHHGT7GTHXW.jpeg","1"
"MUGG3WYVCK8FRH2H.jpeg","1"
"MUGGAEGTE5KG5YQE.jpeg","1"
"MUGFYG9VCKQPV7ME.jpeg","1"
"MUGG5BHBE7BF6PYW.jpeg","1"
"MUGFNVBXKQYK7BBV.jpeg","1"
"MUGGHFHAX4HBNFGB.jpeg","1"
"MUGGEGAK8CW85EGY.jpeg","1"
"MUGGH6RCHDAMWWAD.jpeg","1"
"MUGFGH8P6QKNTZNJ.jpeg","1"
"MUGFTGSXV6HG2HZT.jpeg","1"
"MUGG26WJFKNWWNUF.jpeg","1"
"MUGGAEGUNBSHKNPV.jpeg","1"
"MUGGFDPYQRGHGHZ5.jpeg","1"
"MUGFFZWAYHFQGDHE.jpeg","1"
"MUGGHFHBXTFPFGUF.jpeg","1"
"MUGGH6RCMDPCPFTS.jpeg","1"
"MUGGHFHDGV8YTN8Q.jpeg","1"
"MUGGAEGTYUMFBAFU.jpeg","1"
"MUGFW54YQAPWF7ZG.jpeg","1"
"MUGG9FYVTDWPCV8J.jpeg","1"
"MUGGH6RCDGZTAXQ2.jpeg","1"
"MUGGH6RCHGVPSMHS.jpeg","1"
"MUGGH6RCTPPJXT6M.jpeg","1"
"MUGGHFHMSZG3BAUJ.jpeg","1"
"MUGGAA96ZNAHXTPD.jpeg","1"
"MUGG9FYVGKR3HWCT.jpeg","1"
"MUGFZU5NFUTJBCZT.jpeg","1"
"MUGGHFHDD8GVCSZQ.jpeg","1"
"MUGGH6RCDPTDUG6M.jpeg","1"
"MUGGARF8V8V7FGUX.jpeg","1"
"MUGG9FZDGVZHWZGY.jpeg","1"
"MUGGAEGTKDR87ZYW.jpeg","1"
"MUGG3WY6VHXCANYG.jpeg","1"
"MUGG9TD2KKWFSJFC.jpeg","1"
"MUGG9FZHTFBPKPA3.jpeg","1"
"MUGGCH5TQGGQMKHJ.jpeg","1"
"MUGGAEGTWXWSU9GA.jpeg","1"
"MUGGAEGTHDGA3USZ.jpeg","1"
"MUGG3JUQYPCETYWY.jpeg","1"
"MUGFH33WEB6XGVWG.jpeg","1"
"MUGGJFJKGMJJ8MYH.jpeg","1"
"MUGFW54YQZYGNGY6.jpeg","1"
"MUGFW67VV6CJQYYP.jpeg","1"
"MUGG6MZPFFZSCFA9.jpeg","1"
"MUGFW53QNK7RC3HK.jpeg","1"
"MUGGHFHGN3G4G7RM.jpeg","1"
"MUGGYQXGF6ZTJBTW.jpeg","1"
"MUGGAA96PFFQGSBF.jpeg","1"
"MUGGCV3S2KZYPPAX.jpeg","1"
"MUGFH33YGEVZWTZV.jpeg","1"
"MUGGBYYVQCD6MVJG.jpeg","1"
"MUGEKJVZKEDXYVNM.jpeg","1"
"MUGGGQCZAPREVZS7.jpeg","1"
"MUGGA4KN8AMVBHYW.jpeg","1"
"MUGG4ADS3WHHHRMH.jpeg","1"
"MUGG9FYVT7GWKFDE.jpeg","1"
"MUGFZCGUJPKZGURR.jpeg","1"
"MUGGAEGUKN9R4DRQ.jpeg","1"
"MUGG9FYVZKHNJWQG.jpeg","1"
"MUGG9TD2UMGBRQ6C.jpeg","1"
"MUGG5U7GCPXKVAUB.jpeg","1"
"MUGFFR26WW7A5QWK.jpeg","1"
"MUGG9FYWR2JHRPGH.jpeg","1"
"MUGG26WJJTX6FZ9Q.jpeg","1"
"MUGG9TD2YXZ3WFX2.jpeg","1"
"MUGG9FYYGBX5GXAG.jpeg","1"
"MUGG3WYVEUZ8USPU.jpeg","1"
"MUGGBM5CEZP7GUSU.jpeg","1"
"MUGGHCD4GVZCXTUB.jpeg","1"
"MUGG9FYWVZRUFCQA.jpeg","1"
"MUGGKFCFGPXKYNVQ.jpeg","1"
"MUGG5D6Z7HMYWNRY.jpeg","1"
"MUGGKFCFV9PNBNGQ.jpeg","1"
"MUGGF326SXTWJ4HV.jpeg","1"
"MUGG2FVGJGKANBJR.jpeg","1"
"MUGGHCD4JWEGWFCY.jpeg","1"
"MUGGHCD5WSZJYQUA.jpeg","1"
"MUGG3WXX42TXFUYJ.jpeg","1"
"MUGGJSGZZK5XYASA.jpeg","1"
"MUGGKFCFNMDBSDR6.jpeg","1"
"MUGG9TD3WZFYXVGF.jpeg","1"
"MUGGHFHHKYHP5ZGT.jpeg","1"
"MUGGKFCFQKQHQCQT.jpeg","1"
"MUGGKFCDFACUPDYC.jpeg","1"
"MUGG9TD2QHAGYQX4.jpeg","1"
"MUGG9TD2EHHDWGD9.jpeg","1"
"MUGG9TD28UZAMZSY.jpeg","1"
"MUGG2FXYRQRHB8Q3.jpeg","1"
"MUGGKFCEWHZB2H7G.jpeg","1"
"MUGGHCD44RFJSEDX.jpeg","1"
"MUGGKFCFP7YFKK6H.jpeg","1"
"MUGG9TD2WPDXTHWS.jpeg","1"
"MUGG9FYXJMFNJDDG.jpeg","1"
"MUGGKFCEWJDQXQFM.jpeg","1"
"MUGGDYUA2BMWMZEG.jpeg","1"
"MUGG9TD2PGFEQKFH.jpeg","1"
"MUGFTFF2EVY4HXBE.jpeg","1"
"MUGG9TD2D2TTYYGY.jpeg","1"
"MUGGHCDAPFHYMQGP.jpeg","1"
"MUGG9TD2BWA3UHAA.jpeg","1"
"MUGGHCD4PZZ3Y2XX.jpeg","1"
"MUGGHCD3ZAVDJJZT.jpeg","1"
"MUGFT579MUFR2FU4.jpeg","1"
"MUGGHCD5XNZRY6GF.jpeg","1"
"MUGGHCD4ZKKGYCZA.jpeg","1"
"MUGGHCD9UAAZYZKM.jpeg","1"
"MUGGHCD3KEURRJFA.jpeg","1"
"MUGGG6NUUYHYNMN9.jpeg","1"
"MUGGHCD5GKJM4XFF.jpeg","1"
"MUGGHCD4ZW9HY2BG.jpeg","1"
"MUGGHCD45BUEQRKB.jpeg","1"
"MUGG3JUVQTAARS8S.jpeg","1"
"MUGGJ2NT2ZS7PDZQ.jpeg","1"
"MUGG9TD2DWBJ7KUG.jpeg","1"
"MUGGBYYHYYNESYPH.jpeg","1"
"MUGG9TD2B7F3GDUX.jpeg","1"
"MUGFZU2XQA2QANCQ.jpeg","1"
"MUGG9TD2S7UUZYME.jpeg","1"
"MUGG76YK9J98YPZH.jpeg","1"
"MUGG2NW4PBFXWE3S.jpeg","1"
"MUGG9TD2ENDXBNMC.jpeg","1"
"MUGG9TD2SHTJSKTZ.jpeg","1"
"MUGGGDZCFG6TYAZM.jpeg","1"
"MUGFYGVMGYH3KUHS.jpeg","1"
"MUGG83YMZX9FGDRF.jpeg","1"
"MUGG9TD2QWG7RFGT.jpeg","1"
"MUGGHCD38Z44RVTH.jpeg","1"
"MUGG9FZ8MRP5KDKZ.jpeg","1"
"MUGGB2WPK3ZNMG5Q.jpeg","1"
"MUGGB6YW3NPVYCQN.jpeg","1"
"MUGGB2WPJWHAQZ6Q.jpeg","1"
"MUGGGFNHGSYNNTNC.jpeg","1"
"MUGFZU3MQN75P3PP.jpeg","1"
"MUGG3JV2VHPEWUDB.jpeg","1"
"MUGGBUPGZNPA3S8T.jpeg","1"
"MUGGHUVATZTSFKRF.jpeg","1"
"MUGGG5MSVFGKTRY4.jpeg","1"
"MUGGHCCF6PS2JDVY.jpeg","1"
"MUGG3JV58MDFZHVP.jpeg","1"
"MUGG8YZSWZY5Q8JR.jpeg","1"
"MUGG9FZCCSSAZKGV.jpeg","1"
"MUGF7C5GHGEWC5GU.jpeg","1"
"MUGFUG5KNQSTWN4U.jpeg","1"
"MUGGEP6QTCJHNVBZ.jpeg","1"
"MUGFZU63SZX8P5PQ.jpeg","1"
"MUGFZU69PY4TGYRQ.jpeg","1"
"MUGF7C3X9UXNSEEB.jpeg","1"
"MUGF7AY84ENYCH4X.jpeg","1"
"MUGGHYVSGZTM6RZM.jpeg","1"
"MUGGBUPJZFVZGGM9.jpeg","1"
"MUGGBUNB6FJ3M2EH.jpeg","1"
"MUGGEP6QDQQVJQDP.jpeg","1"
"MUGGCMS2KWQB27ZG.jpeg","1"
"MUGF7GKZHAXNUMZM.jpeg","1"
"MUGGEP6QMSU3ZTES.jpeg","1"
"MUGFYYA4EZYBTYTZ.jpeg","1"
"MUGG9TD2DBCBNGFK.jpeg","1"
"MUGGHUVAPWZWRFHU.jpeg","1"
"MUGGHYVSTHGUBZFH.jpeg","1"
"MUGFZU33QWZU9CYG.jpeg","1"
"MUGGHUVAWHXVG9WM.jpeg","1"
"MUGF7C6FSJDSNABY.jpeg","1"
"MUGGC9GTGMRGPEYY.jpeg","1"
"MUGGHUVAYGHHHTHM.jpeg","1"
"MUGGEP6QH7AG8YGH.jpeg","1"
"MUGGEP6QYNEHZYAR.jpeg","1"
"MUGGHYVVBZTPJFFB.jpeg","1"
"MUGGHUVAP94KJ3K6.jpeg","1"
"MUGGHUVA5GZHWFNT.jpeg","1"
"MUGGH9HFHTUK8ZRH.jpeg","1"
"MUGGCVFHPTE8VUTX.jpeg","1"
"MUGGHYVXNSKMPFGD.jpeg","1"
"MUGGHYVRCHECTHHF.jpeg","1"
"MUGGEP6QRBU4QDZE.jpeg","1"
"MUGGHYVVNZZ9BEZS.jpeg","1"
"MUGGF9FTF6YBSVFB.jpeg","1"
"MUGF7AY3N4TQP7SC.jpeg","1"
"MUGG9TD2FP7MKAQZ.jpeg","1"
"MUGF7C4HWE2T6G7T.jpeg","1"
"MUGGHYVWSSAHMYHM.jpeg","1"
"MUGG3JUZ9MXBZP3Y.jpeg","1"
"MUGGHYVXNBSVC6V3.jpeg","1"
"MUGGHYVUASRJ3VGS.jpeg","1"
"MUGFZU35FAZ9RRU6.jpeg","1"
"MUGFZU5GTNGFFNP8.jpeg","1"
"MUGFFZTUXYGRA5G8.jpeg","1"
"MUGGHUUFCFSSU7NF.jpeg","1"
"MUGGHYVW2NYMESFZ.jpeg","1"
"MUGGFYV4JRZ9WZ8Z.jpeg","1"
"MUGGEP6QVJBHMNQ4.jpeg","1"
"MUGFZU5YNBASFUCY.jpeg","1"
"MUGFZU5Q9SQHDDKQ.jpeg","1"
"MUGFZU6FSY4KNZ3B.jpeg","1"
"MUGGHUVANQUG9SQS.jpeg","1"
"MUGGA5DYS7HU788E.jpeg","1"
"MUGFYG9EEJE3W4GS.jpeg","1"
"MUGF7C6BQWYXAE2G.jpeg","1"
"MUGF7C58TDDXGQ9A.jpeg","1"
"MUGGHYVWGD3Y6PWH.jpeg","1"
"MUGGHYVQJVKFB9CW.jpeg","1"
"MUGF7CAEAWUHRR43.jpeg","1"
"MUGFZU6BPXEUMJAG.jpeg","1"
"MUGGHUVARRKV2GF6.jpeg","1"
"MUGFZU3ZRYTMFXZW.jpeg","1"
"MUGGHYVTF4VWTTXH.jpeg","1"
"MUGGK8THSGRCJ5FX.jpeg","1"
"MUGGHUVAXJCYCT5B.jpeg","1"
"MUGGHYVQSV3RDFB6.jpeg","1"
"MUGFZU38BTJHSFYQ.jpeg","1"
"MUGF7AYQYJS5DBFN.jpeg","1"
"MUGF7C5VXSHGYZFJ.jpeg","1"
"MUGG83YMGHTGVWZA.jpeg","1"
"MUGFZU6JRYWNP3HH.jpeg","1"
"MUGF7BYGZRJTK5BE.jpeg","1"
"MUGFZU5WF8SCGZQA.jpeg","1"
"MUGFZU6FQHDXC3JJ.jpeg","1"
"MUGFZU5HDCX8K9HB.jpeg","1"
"MUGGBUNAGHZQQZXD.jpeg","1"
"MUGFZU6H9HPGSC6Z.jpeg","1"
"MUGFZU6CKYKKCMYS.jpeg","1"
"MUGFZU5BPHEZTMZH.jpeg","1"
"MUGGHUVARHVF8RSN.jpeg","1"
"MUGFZU5EMVFBSZUY.jpeg","1"
"MUGFZU5TFGCGTFJH.jpeg","1"
"MUGF7C698EWMZEMK.jpeg","1"
"MUGF7C6EVXFCAKZB.jpeg","1"
"MUGFZU36F58AWMVJ.jpeg","1"
"MUGF7C3TPVGDVQA3.jpeg","1"
"MUGF7C4HR2ZEYGZN.jpeg","1"
"MUGFYY9WXNZSHKXC.jpeg","1"
"MUGGCNTDHFJJTGCK.jpeg","1"
"MUGGHYVU3H2PF5SQ.jpeg","1"
"MUGGB9EKVHQXKZGU.jpeg","1"
"MUGF7C3GKNUMUF7G.jpeg","1"
"MUGFZU66ZYR68CSC.jpeg","1"
"MUGGEP6QAVKKUCZG.jpeg","1"
"MUGFZU3NETA4RGFH.jpeg","1"
"MUGGJWYZM3Z77XDG.jpeg","1"
"MUGGHUVAKGFWZNZ9.jpeg","1"
"MUGFVCGY3SGVHBHF.jpeg","1"
"MUGGBE82R93HBYVH.jpeg","1"
"MUGG8YZSJFHHDZJZ.jpeg","1"
"MUGFZU584HKTUHQ3.jpeg","1"
"MUGFRG9QJKABEP2N.jpeg","1"
"MUGGEP6Q2EQCZZFG.jpeg","1"
"MUGGH57MP2ZGGU6U.jpeg","1"
"MUGG9TD28MXHNCZY.jpeg","1"
"MUGG5M8MATHWYNRH.jpeg","1"
"MUGG8YZSDMSVV4YC.jpeg","1"
"MUGG8YZTWWANBAXJ.jpeg","1"
"MUGG8YZSUBNHP9JQ.jpeg","1"
"MUGG8YZS3VM98BE9.jpeg","1"
"MUGG8YZSPACGTT8T.jpeg","1"
"MUGG8YZSAZKPZKGJ.jpeg","1"
"MUGF7C638AGPHPFH.jpeg","1"
"MUGGDQNFYXC7MGZU.jpeg","1"
"MUGF7BYEVCHMN6UE.jpeg","1"
"MUGG8YZSUZ2YBWAJ.jpeg","1"
"MUGGHCD4YN8GFEMR.jpeg","1"
"MUGGFSFYYJKVXUYT.jpeg","1"
"MUGF7BF5EVFPHTZU.jpeg","1"
"MUGF7BYVRZASZU44.jpeg","1"
"MUGF7AXPTHTBHFV6.jpeg","1"
"MUGGBRGSWFE2EF3J.jpeg","1"
"MUGF7BYWDN2XTCZQ.jpeg","1"
"MUGF7AXFYKRFFCGH.jpeg","1"
"MUGF7BFBNWTFFFWD.jpeg","1"
"MUGF7GKQCGTZWDZD.jpeg","1"
"MUGF7C5F5HH6MENG.jpeg","1"
"MUGGKPE4VFFMHKHZ.jpeg","1"
"MUGF7C64A4HV7ZJE.jpeg","1"
"MUGGG7GEABA2WYAY.jpeg","1"
"MUGG9TD26ZXQMVNU.jpeg","1"
"MUGF7C5UJFCJQNSC.jpeg","1"
"MUGGGCQHHUGY7VPX.jpeg","1"
"MUGF7AXFKFTYRNAZ.jpeg","1"
"MUGF7BYYS6ZPXDRA.jpeg","1"
"MUGF7BF2XQZZZFZJ.jpeg","1"
"MUGF7BF4XVMMMF6Z.jpeg","1"
"MUGF7BYXW3R7YTC4.jpeg","1"
"MUGF7BY7HQKBMGRF.jpeg","1"
"MUGGCUPHGATHYHZF.jpeg","1"
"MUGF7BYWWHQWHJVZ.jpeg","1"
"MUGF7BF9HDNEKFEX.jpeg","1"
"MUGF7BF9JGBHFZBV.jpeg","1"
"MUGF7BY4SDRRYTSA.jpeg","1"
"MUGF7BY54WDHPCN3.jpeg","1"
"MUGF7BY8KCTW3HGN.jpeg","1"
"MUGF3TC33VRAHZQU.jpeg","1"
"MUGF7BY3ZDVCPH4U.jpeg","1"
"MUGGG2K6N2XGWGRG.jpeg","1"
"MUGFT7N6EP7JEPDP.jpeg","1"
"MUGF7C5HZNDDZ4H6.jpeg","1"
"MUGF7BYZDXMC3P72.jpeg","1"
"MUGF7C59DMPENX25.jpeg","1"
"MUGF7BYXZMZK4YF3.jpeg","1"
"MUGF7AY2S9AZXGVX.jpeg","1"
"MUGF7AYMCJXHG9KZ.jpeg","1"
"MUGF7AYS7X28RUZC.jpeg","1"
"MUGF7C5YA6WYQVWV.jpeg","1"
"MUGF7BYRVHCBQ5JM.jpeg","1"
"MUGF7AY4HFECHE8C.jpeg","1"
"MUGF7C5JZNYVVQGH.jpeg","1"
"MUGF7C5Z8UUTYCQA.jpeg","1"
"MUGF7C5HDW6XBRJD.jpeg","1"
"MUGF7C3MZ46TXFY2.jpeg","1"
"MUGGAPNRDVAG6QBF.jpeg","1"
"MUGF7AXVDTMVNJKV.jpeg","1"
"MUGF7BYQA2S4RWZY.jpeg","1"
"MUGGK8THSYWJ3GBX.jpeg","1"
"MUGF7585KKHFUWTB.jpeg","1"
"MUGF7C39FCA9G75Y.jpeg","1"
"MUGGGHRBMSUZ3RAX.jpeg","1"
"MUGGKPFFGK2FYSKZ.jpeg","1"
"MUGF7C5BAWVMVVEC.jpeg","1"
"MUGF7C6AJCKET3GZ.jpeg","1"
"MUGF7C3WTFAE6EBY.jpeg","1"
"MUGF7C3XFXQCUKFF.jpeg","1"
"MUGGK8UERTQDYMDW.jpeg","1"
"MUGGDYRE4ZBGMZF4.jpeg","1"
"MUGGHFAXEHFF4PAB.jpeg","1"
"MUGGKPDVSHZ7VPMS.jpeg","1"
"MUGF7C3JNFH4UFHX.jpeg","1"
"MUGF7BFAGUCVB4R6.jpeg","1"
"MUGF7C3ACGG9TBYD.jpeg","1"
"MUGF7AXHHMNXZZER.jpeg","1"
"MUGF7AX3NPFHD6QZ.jpeg","1"
"MUGF3M8GWAG7VMRZ.jpeg","1"
"MUGGKPESMZTMQGWV.jpeg","1"
"MUGGKPEM5WZDTGHV.jpeg","1"
"MUGGK8UH8UUGDQ2J.jpeg","1"
"MUGGH77DUUPTRUGM.jpeg","1"
"MUGGH78NHBXZDTZF.jpeg","1"
"MUGF7H9BHDCZFMKY.jpeg","1"
"MUGF7AY7WGYFCTGM.jpeg","1"
"MUGF7C4HY4TAUUVC.jpeg","1"
"MUGF7C3GPGEDWYEN.jpeg","1"
"MUGGFHV97HNFQZDK.jpeg","1"
"MUGGH77BZW4CYHZW.jpeg","1"
"MUGGFAG67GMB4T5Y.jpeg","1"
"MUGGH772TNFWCCUZ.jpeg","1"
"MUGGH77F7ZFXSP2F.jpeg","1"
"MUGGDYREBXYNWJM6.jpeg","1"
"MUGGH76UA5VGRHZD.jpeg","1"
"MUGF7AYWAGJFFZWH.jpeg","1"
"MUGF7BY3GXCBXAFY.jpeg","1"
"MUGGH63GWPT2TAWK.jpeg","1"
"MUGGH76ZXWR6ZFYZ.jpeg","1"
"MUGGH77HPAFJDGUY.jpeg","1"
"MUGF7C6GDSZHDAPH.jpeg","1"
"MUGF7C4JYMHKVYPC.jpeg","1"
"MUGF7C6NZGSZXURU.jpeg","1"
"MUGF7C3ZUUUB6DE7.jpeg","1"
"MUGGH76Q2G6YMNTZ.jpeg","1"
"MUGGKPDQAWSHHK5Y.jpeg","1"
"MUGF7AXPHTFHDRQX.jpeg","1"
"MUGF7AXCA6URVXSM.jpeg","1"
"MUGF7C5Y3GGPZXVR.jpeg","1"
"MUGF7C5DFUBPHUFE.jpeg","1"
"MUGF7AX8BKXY7N8E.jpeg","1"
"MUGGH7847KVJWDKP.jpeg","1"
"MUGGH78GPG7VZHAE.jpeg","1"
"MUGF7AX57MYZCEXH.jpeg","1"
"MUGGH6K3TDGEHSNF.jpeg","1"
"MUGGKPEDMCBHRXTN.jpeg","1"
"MUGGK8UQVNBGFSQJ.jpeg","1"
"MUGFVDARY4EWMNZN.jpeg","1"
"MUGG47CEK7GTFEGZ.jpeg","1"
"MUGFU6CPVZYCGRNN.jpeg","1"
"MUGG5U7G39TAJJSK.jpeg","1"
"MUGG9EUMSS37JXBE.jpeg","1"
"MUGFTZTHD53ZCA8J.jpeg","1"
"MUGFTZGGZHUFKPCD.jpeg","1"
"MUGFTZGFE2UMW2ZG.jpeg","1"
"MUGGJ8H7DCGZ8PF2.jpeg","1"
"MUGG8CE6WXBEDZGS.jpeg","1"
"MUGG6YDNWQZXAU9Z.jpeg","1"
"MUGFVJ9PYCNZ25AN.jpeg","1"
"MUGGCEU7G3XNCMAJ.jpeg","1"
"MUGFVJ9SUA6HQFRE.jpeg","1"
"MUGFVJ9THFT6AGHS.jpeg","1"
"MUGFVJ9PUTRVMSJV.jpeg","1"
"MUGFVJ9UJCJM2FSU.jpeg","1"
"MUGFX34PG3JDSD8Y.jpeg","1"
"MUGG9FZKFAGYUHUT.jpeg","1"
"MUGFVJ9TZFGZFC5N.jpeg","1"
"MUGGB9K5TXUHA4PZ.jpeg","1"
"MUGFWSHUFRDDQECD.jpeg","1"
"MUGFVJ9UZ4ZYGG5X.jpeg","1"
"MUGGCGYQYKZNUS3W.jpeg","1"
"MUGGCGYKUBJHYBZE.jpeg","1"
"MUGFVJ9RZR2ZN87C.jpeg","1"
"MUGGCGYEWZZFXCEC.jpeg","1"
"MUGFZKKDK7AY5RBC.jpeg","1"
"MUGG7UPDYZAUFFPU.jpeg","1"
"MUGG2XXK77DTVCHR.jpeg","1"
"MUGG832EHNYH5Z5H.jpeg","1"
"MUGG2XXKDZCRB2QK.jpeg","1"
"MUGG3KVEYZ9NHYSC.jpeg","1"
"MUGG3KVKEPDSXQDX.jpeg","1"
"MUGG3KUHPGSWEQKF.jpeg","1"
"MUGG3KVYDA2UKZB3.jpeg","1"
"MUGG3KVNYDVKQJUG.jpeg","1"
"MUGG3KUHF5XCUX4K.jpeg","1"
"MUGG3KUDGPXZBMUC.jpeg","1"
"MUGG3KVKABN4TGJ4.jpeg","1"
"MUGG3KVAGD9AM5NZ.jpeg","1"
"MUGG3KUHW5BHYKUK.jpeg","1"
"MUGG3KVMHHZPJMZ7.jpeg","1"
"MUGG3KUDYZ6RAQUH.jpeg","1"
"MUGFVJ9UNXTHW5D3.jpeg","1"
"MUGFVJ9TAGHHJ7KF.jpeg","1"
"MUGFVJ9UXGANFZVX.jpeg","1"
"MUGFVJ9TXVZSVTU5.jpeg","1"
"MUGFVJ9UZCJYAZKG.jpeg","1"
"MUGFVJ9REZ5NK9SH.jpeg","1"
"MUGFVJ9TGJWJPWQZ.jpeg","1"
"MUGFVJ9UZGCCHBUG.jpeg","1"
"MUGFVJ9SEYYHT7AJ.jpeg","1"
"MUGFVJ9S5XHEFZ3E.jpeg","1"
"MUGFVJ9TR2KFGJZG.jpeg","1"
"MUGFVJ9RHQHAQMDT.jpeg","1"
"MUGFVJ9QJZUHPHZH.jpeg","1"
"MUGFVJ9UZ3MNJDZ6.jpeg","1"
"MUGFVJ9TGTPAACFA.jpeg","1"
"MUGFVJ9SHPM3ZQ8Q.jpeg","1"
"MUGFVJ9T5Q5A8ZWF.jpeg","1"
"MUGFVJ9UYEYSV4UW.jpeg","1"
"MUGFVJ9TMJFSCVQU.jpeg","1"
"MUGFVJ9UGGWGF4UZ.jpeg","1"
"MUGFVJ9TPHRUYYPZ.jpeg","1"
"MUGFVJ9Q94FAQYTW.jpeg","1"
"MUGFVJ9RSERUNACV.jpeg","1"
"MUGFVJ9RZYNBVGTU.jpeg","1"
"MUGFVJ9PFYFSSFKC.jpeg","1"
"MUGFVJ9QXZBGUG2A.jpeg","1"
"MUGFVJ9UUKMHKGUK.jpeg","1"
"MUGFVJ9UEMR4UZWZ.jpeg","1"
"MUGFVJ9UPKTEFXQZ.jpeg","1"
"MUGFVJ9TXZSUXD2U.jpeg","1"
"MUGFVJ9Q6SBWWUCH.jpeg","1"
"MUGFVJ9TJHMGQJFM.jpeg","1"
"MUGFVJ9U8TV3VNR3.jpeg","1"
"MUGFVJ9SUPSC2QDK.jpeg","1"
"MUGFVJ9SQQEQFGGR.jpeg","1"
"MUGFVJ9THXPMCW3Z.jpeg","1"
"MUGFVJ9QAS93HMTY.jpeg","1"
"MUGFVJ9TNTPGZGMP.jpeg","1"
"MUGFVJ9SENKNZYQN.jpeg","1"
"MUGFVJ9TQ8HWWUGM.jpeg","1"
"MUGFVJ9TNEHSQS7T.jpeg","1"
"MUGFVJ9ST2HZYHBR.jpeg","1"
"MUGFVJ9SEY3SWDAH.jpeg","1"
"MUGFVJ9QTHHABPJB.jpeg","1"
"MUGFVJ9RSBNA3DBK.jpeg","1"
"MUGFVJ9RVHYNG2EA.jpeg","1"
"MUGFVJ9PHN8HYVJX.jpeg","1"
"MUGFVJ9SDZEX2QH7.jpeg","1"
"MUGFVJ9QH9AZVHVJ.jpeg","1"
"MUGFVJ9UFFH4RVQX.jpeg","1"
"MUGFVJ9ZTJE7W9KY.jpeg","1"
"MUGFVJ9TZZ8Y3XFC.jpeg","1"
"MUGFVJ9S4RZXGZ6Y.jpeg","1"
"MUGFVJ9RYDYPUQGV.jpeg","1"
"MUGFVJ9QAEVZV6BT.jpeg","1"
"MUGFVJ9TU8WZPR5W.jpeg","1"
"MUGFVJ9TCW6M7RDA.jpeg","1"
"MUGFVJ9PJ5MKA8PX.jpeg","1"
"MUGFVJ9SFKBKZDYH.jpeg","1"
"MUGFVJ9RHVUGQZYH.jpeg","1"
"MUGFVJ9RCUF6F3DV.jpeg","1"
"MUGFVJ9ZEKQWHGJU.jpeg","1"
"MUGFVJ9UHRBKSB6U.jpeg","1"
"MUGFVJ9TDZAVUHZG.jpeg","1"
"MUGFVJ9SSGWCSMQC.jpeg","1"
"MUGFVJ9TTY32K5BY.jpeg","1"
"MUGFVJ9REMWZGV2Y.jpeg","1"
"MUGFVJ9U6GGGHFBF.jpeg","1"
"MUGFVJ9SQT9HH5W7.jpeg","1"
"MUGFVJ9Q4DWZZDDE.jpeg","1"
"MUGFVJ9RHZBZQFAT.jpeg","1"
"MUGGAPNRKNZXFT4W.jpeg","1"
"MUGG3KUEQR75TDZR.jpeg","1"
"MUGG3KUF88PJY9H4.jpeg","1"
"MUGFVJ9S8HYZMJH9.jpeg","1"
"MUGFVJ9SAAJSFTFS.jpeg","1"
"MUGFVJ9TDK7YEMCQ.jpeg","1"
"MUGFVJ9TRNFZHRUB.jpeg","1"
"MUGFVJ9UKYY2CPHY.jpeg","1"
"MUGFVJ9SG8FH3VJV.jpeg","1"
"MUGFVJ9RUKH2GRGC.jpeg","1"
"MUGFVJ9R7WYCPYJW.jpeg","1"
"MUGFVJ9TTDDQMBW9.jpeg","1"
"MUGFVJ9UBW6MSBRF.jpeg","1"
"MUGFVJ9UYFH6UEXA.jpeg","1"
"MUGFVJ9TCCD5XSF5.jpeg","1"
"MUGFVJ9SHRGTYWHH.jpeg","1"
"MUGFVJ9QGBY99AGG.jpeg","1"
"MUGFVJ9QTCY5EJQP.jpeg","1"
"MUGFVJ9UAHVJTYKW.jpeg","1"
"MUGFVJ9RUHPGBJTA.jpeg","1"
"MUGFVJ9T8HU8GTZF.jpeg","1"
"MUGFVJ9TXNBKWFPF.jpeg","1"
"MUGFVJ9SMBNFHVYR.jpeg","1"
"MUGFVJ9SJMNX8CZU.jpeg","1"
"MUGFVJ9PFQWHEGE6.jpeg","1"
"MUGFVJ9SZFW2ECBZ.jpeg","1"
"MUGFVJ9UHGAVYQYA.jpeg","1"
"MUGFVJ9ZQGVD68RW.jpeg","1"
"MUGFVJ9UMXHFTEHY.jpeg","1"
"MUGFVJ9TPKWYFZFT.jpeg","1"
"MUGFVJ9TZACV8YWB.jpeg","1"
"MUGFVJ9QHDPEGF7R.jpeg","1"
"MUGFVJ9RFHZHERSV.jpeg","1"
"MUGFVJ9TTQUDXVZV.jpeg","1"
"MUGFVJ9QYDWHKSPG.jpeg","1"
"MUGFVJ9QAR3MCXZW.jpeg","1"
"MUGFVJ9TRQAH3QZZ.jpeg","1"
"MUGFVJ9U3HMHHKZC.jpeg","1"
"MUGFVJ9QDZFTURMA.jpeg","1"
"MUGFVJ9PGHZYE559.jpeg","1"
"MUGFVJ9SBU67VSMF.jpeg","1"
"MUGFVJ9SMG23PYKW.jpeg","1"
"MUGFVJ9SBTHJQUHY.jpeg","1"
"MUGFVJ9UQYZWEBGH.jpeg","1"
"MUGFVJ9TGQMMWW8H.jpeg","1"
"MUGFVJ9NK8CGYJMK.jpeg","1"
"MUGFVJ9R8DHZCWYA.jpeg","1"
"MUGFVJ9SNXPFYQDP.jpeg","1"
"MUGFVJ9SNCUKQADE.jpeg","1"
"MUGFVJ9UGFYF8XCJ.jpeg","1"
"MUGFVJ9TR52EYFS5.jpeg","1"
"MUGFVJ9SQ2AVHYGE.jpeg","1"
"MUGFVJ9TKASFHP4V.jpeg","1"
"MUGFVJ9UPUCP7FWT.jpeg","1"
"MUGFVJ9QG7DKMQBE.jpeg","1"
"MUGFVJ9RGCHTGH5N.jpeg","1"
"MUGFVJ9S4H2HHZGM.jpeg","1"
"AFGG8Z8AQDDWGYBV.jpeg","1"
"AFGG4FYGUXHECFUN.jpeg","1"
"AFGG8Z8AQJGFCCUA.jpeg","1"
"AFGG8Z8AYRVHYZYT.jpeg","1"
"AFGG8Z8AESDYHVBZ.jpeg","1"
"AFGG5MGF2TTZZY2K.jpeg","1"
"AFGGBYW6BTZHEZ4V.jpeg","1"
"AFGGBF9YFKF2TYXQ.jpeg","1"
"AFGGGN9JJTJMUAAH.jpeg","1"
"AFGG8Z8AZSRYTWUJ.jpeg","1"
"AFGGDPKDGJZQZ8YY.jpeg","1"
"AFGG8Z8ABXKU6RAX.jpeg","1"
"AFGGFZ9HUSQGZ45F.jpeg","1"
"AFGG8Z8AZ2QGG43Z.jpeg","1"
"AFGG8Z8AQXKYVGTR.jpeg","1"
"MTYFWDSMS7ZFH9G7.jpeg","1"
"MTYGJHGKKXFWZ57M.jpeg","1"
"AFGG8Z8AD9EJ9MVH.jpeg","1"
"AFGG8Z8AYYSPVQQQ.jpeg","1"
"AFGG8Z8ADU8MBVYH.jpeg","1"
"AFGG8Z8AWTHNRPFA.jpeg","1"
"AFGG8Z8AYJNQEK7T.jpeg","1"
"AFGG8Z8APYFGNAQ9.jpeg","1"
"AFGG8Z8A5R3FY4V9.jpeg","1"
"VPAG6RAZSSJMZ9WZ.jpeg","1"
"AFGG8Z8ABEHKZP4W.jpeg","1"
"AFGG8Z8AEZAFD2UE.jpeg","1"
"AFGG8Z8AGWVZBS5H.jpeg","1"
"AFGGFZ9KC8K3MAZ3.jpeg","1"
"AFGG8Z8AUJNGNVX9.jpeg","1"
"AFGG8Z8AGKFEG7SZ.jpeg","1"
"AFGGJUZ2CDG5QCNC.jpeg","1"
"AFGG8Z8AHGHVB8UQ.jpeg","1"
"AFGG8Z8AAGS6EKH6.jpeg","1"
"AFGG8Z8AYYVJBBAP.jpeg","1"
"AFGG8Z8AVVBUUVEK.jpeg","1"
"AFGG8Z8AAFGWDAG9.jpeg","1"
"AFGG8Z8ATPFWZHVW.jpeg","1"
"AFGG8Z8ACHVDTHDQ.jpeg","1"
"VPAFV3ZX7KKCH6W6.jpeg","1"
"AFGG5FJ2WYG58QHS.jpeg","1"
"AFGG8Z8ATVDYADRK.jpeg","1"
"AFGG8Z8A3NJGEYGA.jpeg","1"
"AFGG8Z8AZGAXGXCH.jpeg","1"
"AFGG8Z8ATDHHZHGT.jpeg","1"
"AFGG8Z8AEXBUHNDT.jpeg","1"
"AFGG8Z8AKHWBBYHZ.jpeg","1"
"STFFYZHHFYCQRMCJ.jpeg","1"
"KTBFH9GMTYKQQWAQ.jpeg","1"
"KTBGHAK5ZETZV8EV.jpeg","1"
"KTBGC2C2FUDW3BTQ.jpeg","1"
"KTBF4N839XKABVHZ.jpeg","1"
"KTBFH9G5STDYMQZP.jpeg","1"
"KTBFAAK6NEQJFNWF.jpeg","1"
"KTBEUHBN8ZGERWA6.jpeg","1"
"KTBEVQFCUGMMPDSQ.jpeg","1"
"KTBFH9GAGTX3HC4F.jpeg","1"
"KTBGGZD4RM7FABKG.jpeg","1"
"KTBGHQY2BJMZQRPA.jpeg","1"
"KTBGHZUYM29HCSNM.jpeg","1"
"KTBFH9GA4TXV6W5S.jpeg","1"
"KTBGE6F5ZZK85YGN.jpeg","1"
"KTBEVQFDPHMHW4N9.jpeg","1"
"KTBGGRGFRV9WWKJZ.jpeg","1"
"KTBGGC5MHUVZ6TKE.jpeg","1"
"KTBG4FRHXPHEY3QV.jpeg","1"
"KTBGGZDY6GS7YS4Q.jpeg","1"
"KTBG4FRHXNDC7T9N.jpeg","1"
"KTBGEY8BZCJCZJ5C.jpeg","1"
"KTBG4FRHUATZJHYR.jpeg","1"
"KTBG4FRHR7ZBDMZR.jpeg","1"
"KTBGDCXDFYBRAQ4M.jpeg","1"
"KTBG4FRHQEGCNYTP.jpeg","1"
"KTBEVQFCJ6RCN2BR.jpeg","1"
"KTBFKG6Y29AAGHXJ.jpeg","1"
"KTBG4FRHSMGAUTTG.jpeg","1"
"KTBG4FRHZJFZMMMV.jpeg","1"
"KTBGYHCD52HW9BZ3.jpeg","1"
"KTBFZT4SDEH4BF84.jpeg","1"
"KTBFZT4SHCZWJZWY.jpeg","1"
"KTBFZT4SDAY4TWBX.jpeg","1"
"KTBFZT4S47YWNGDS.jpeg","1"
"KTBFZT4SNFEPNGDN.jpeg","1"
"KTBFZT4S4F6JHXYP.jpeg","1"
"KTBFZT4SSJYZ7Q5F.jpeg","1"
"KTBFZT4SBXBCRB5U.jpeg","1"
"KTBFZT4SXJUBHH3J.jpeg","1"
"KTBGYHCDMNUQVA3Z.jpeg","1"
"KTBGYHCDQPYBZPFH.jpeg","1"
"KTBGYHCDGGW54UMK.jpeg","1"
"KTBFZT4SUGR7FR5Z.jpeg","1"
"KTBFZT4SWZAZGYDF.jpeg","1"
"KTBGYHCDDJJY3ETY.jpeg","1"
"KTBFZT4SWWPHGVHF.jpeg","1"
"KTBFZT4SMTHXNUX4.jpeg","1"
"KTBFZT4SFGTS4DUR.jpeg","1"
"KTBFZT4S4HCCFQZZ.jpeg","1"
"KTBFH9G9MPWG7TAK.jpeg","1"
"KTBG4FRHS44NZFHY.jpeg","1"
"KTBG4FRHPAPZNQK5.jpeg","1"
"KTBG4FRHGZJVVMMF.jpeg","1"
"KTBG4FRHB8DZJ2RU.jpeg","1"
"KTBGHZTPTVGPPPZR.jpeg","1"
"KTBEVQFCNJU7CBKH.jpeg","1"
"KTBFZT4S9FK3YYWV.jpeg","1"
"KTBF4N84TH4FGDHM.jpeg","1"
"KTBEVQFDJHWSG2Q2.jpeg","1"
"KTBF8WGUGUFRGAKK.jpeg","1"
"KTBFH9GAZZWGMYSK.jpeg","1"
"KTBFH9GDFHGC3KHZ.jpeg","1"
"KTBGJPY5EJGSBVGM.jpeg","1"
"KTBGC2C2WEHEJFA9.jpeg","1"
"KTBGDCXDFYTXDKGA.jpeg","1"
"KTBFZT4SJZ4ZHYGT.jpeg","1"
"KTBGGZGHEZH3M5GP.jpeg","1"
"KTBFZT4SYKG8CJE8.jpeg","1"
"KTBFZT4SRAZWY8MZ.jpeg","1"
"KTBEXCX9EM2Z9YRH.jpeg","1"
"KTBFZT4SRSJCNKES.jpeg","1"
"KTBFZT4SRZ4DMUNR.jpeg","1"
"KTBG4FRZHKB3HGDC.jpeg","1"
"KTBG4FRZ9FRZJYZ4.jpeg","1"
"KTBFKGPQZDMZYFBE.jpeg","1"
"KTBGGZD3HMKGHSHZ.jpeg","1"
"KTBFKGY2RKTYVBHF.jpeg","1"
"KTBFH9GFUZJTWGNZ.jpeg","1"
"KTBFH9GJ5Q3Y3EUZ.jpeg","1"
"KTBF8WK27MX2R8XF.jpeg","1"
"KTBF8WGUHFCJHHW9.jpeg","1"
"KTBG4FRZFMU5ZKAX.jpeg","1"
"KTBF8WGTN87JZUYH.jpeg","1"
"KTBEXCX9AZ6PDYW8.jpeg","1"
"KTBGHPZZUZQ7QNFH.jpeg","1"
"KTBEVQFDSTUP5HUK.jpeg","1"
"KTBEVQFD2KBDEBZZ.jpeg","1"
"SWSGJZZETQKEJG6T.jpeg","1"
"SWSFWG4M6QAG7AEG.jpeg","1"
"SWSFWAGYXXZZRTGU.jpeg","1"
"SWSFWAG5DZXCZHPH.jpeg","1"
"SWSFWAG46Z9ZUN8H.jpeg","1"
"KTBF8WGT8CZVXTDF.jpeg","1"
"AFGG8Z8AFQUBDU3W.jpeg","1"
"AFGG8Z8AU6FZAVRY.jpeg","1"
"AFGG8Z8AHRR885AC.jpeg","1"
"AFGG8Z8AP2BE48DA.jpeg","1"
"AFGFW2SFT8GQ6U4G.jpeg","1"
"AFGG8Z8AHEMGDZNG.jpeg","1"
"AFGG8Z8AZM9FJSKM.jpeg","1"
"AFGG8Z8ATA7CQ3G9.jpeg","1"
"AFGG8Z8ADPWTQQYX.jpeg","1"
"AFGG8Z8AHSTFN4JU.jpeg","1"
"AFGG8Z8AK6JCPGHF.jpeg","1"
"AFGG8Z8ACABE5VYV.jpeg","1"
"AFGG8Z8A7ZCUTYGZ.jpeg","1"
"AFGG8Z8AMR47QQMZ.jpeg","1"
"AFGG8Z8A9U7T43BU.jpeg","1"
"AFGG7BCYJASYAQD7.jpeg","1"
"AFGG8Z8A7BT3GXGU.jpeg","1"
"AFGGDPKDVZRFMGMN.jpeg","1"
"AFGG8Z8AAMXGMHF2.jpeg","1"
"AFGFZT99WCFRHQDT.jpeg","1"
"MTYFJH5MWYY86JRG.jpeg","1"
"AFGG8Z8AKNWUUPDU.jpeg","1"
"AFGG8Z8ATG5MPCY9.jpeg","1"
"AFGG8Z8AWMGGY49B.jpeg","1"
"AFGG8Z8AF8AJG9AK.jpeg","1"
"AFGG8Z8A6NDEYWFW.jpeg","1"
"AFGG8Z8AFHQ9UNCD.jpeg","1"
"AFGG8Z8ADEDTPZR8.jpeg","1"
"TTCG9VZYZBKHXKXF.jpeg","1"
"AFGG8Z8AMFWP8E3E.jpeg","1"
"AFGG8Z8ACT9ZHSZU.jpeg","1"
"AFGG8Z8AXPDQC43R.jpeg","1"
"AFGG8Z8ASGAHHMVT.jpeg","1"
"AFGG8Z8A9YMDA97H.jpeg","1"
"AFGG8Z8AD5AATHWV.jpeg","1"
"AFGG8Z8A5TPZN8XH.jpeg","1"
"AFGG8Z8ADFPZHKHG.jpeg","1"
"AFGG8Z8AYXNMZVZT.jpeg","1"
"AFGG8Z8AWAFYKFW8.jpeg","1"
"AFGG3G3FJEDST2K9.jpeg","1"
"AFGG8Z8AG4JYBRKH.jpeg","1"
"AFGG8Z8AYRMX7QDH.jpeg","1"
"AFGG8Z8AEW5FAYT8.jpeg","1"
"AFGG8Z8AFWJQGFVS.jpeg","1"
"AFGG8Z8AYD4MZF6F.jpeg","1"
"AFGG8Z8AZMCSJAXE.jpeg","1"
"AFGG8Z8AJGM2XNEW.jpeg","1"
"AFGG8Z8AZBX2PHDY.jpeg","1"
"AFGG8Z8AZABSZHCJ.jpeg","1"
"AFGG8Z8AQWQDZGN2.jpeg","1"
"AFGG8Z8ABPRNH9QY.jpeg","1"
"AFGG9FYY3JWTGETE.jpeg","1"
"MTYGEYM8YXVGZZJG.jpeg","1"
"AFGG3Y2DHFZNJJFR.jpeg","1"
"AFGG3Y2D78NZMKCW.jpeg","1"
"AFGG8Z8AZRFZUZB2.jpeg","1"
"AFGG8Z8A6QEXZZFS.jpeg","1"
"AFGG8Z8ATGWMNZJJ.jpeg","1"
"AFGG8Z8AVU6HVTGP.jpeg","1"
"AFGG8Z8AYFFTZB7E.jpeg","1"
"AFGG8Z8AWYXHG5MU.jpeg","1"
"AFGG8Z8ADGAZTJN3.jpeg","1"
"AFGG578AHK99GUG2.jpeg","1"
"AFGG7VA7SHRDCHPS.jpeg","1"
"AFGG3Y2DGXJ2ZHHE.jpeg","1"
"AFGG3G2W8AFGY26M.jpeg","1"
"AFGG8Z8AZTA4HGRE.jpeg","1"
"AFGG8Z8A669DPHTP.jpeg","1"
"AFGG8Z8ATHV4GRAY.jpeg","1"
"AFGG3G2WCYH3CDFM.jpeg","1"
"AFGG8Z8A4UPKHFDU.jpeg","1"
"AFGG8Z8AKXPSSGK5.jpeg","1"
"AFGG3Y2DGXYJ6JVD.jpeg","1"
"AFGG3GJ5T7YXQNZN.jpeg","1"
"AFGG8Z8A4UCCUY4A.jpeg","1"
"AFGG8Z8AFBZKYVWE.jpeg","1"
"AFGG8Z8AREJCAJXJ.jpeg","1"
"AFGG8Z8AHYPKUKK5.jpeg","1"
"AFGG8Z8ASUHBRZGA.jpeg","1"
"AFGG8Z8AZPK3BH6U.jpeg","1"
"AFGG8Z8AZEMZEEAX.jpeg","1"
"AFGG3Y2DZTKCF9NC.jpeg","1"
"AFGG8Z8AYMEGZAGU.jpeg","1"
"AFGG3Y2DYPTJ5Z6S.jpeg","1"
"AFGG8Z8A47XMAFZ8.jpeg","1"
"AFGG8Z8ASCBFXZKB.jpeg","1"
"RCTFWGEUGJTN53GF.jpeg","1"
"RCTG93YVDPXBQHDF.jpeg","1"
"AFGG8Z8AGSM6YMJC.jpeg","1"
"AFGG8Z8AKXKFXBPU.jpeg","1"
"AFGG8Z8AS7NXXCGY.jpeg","1"
"AFGG8Z8AGFMHWHGZ.jpeg","1"
"AFGG8Z8AJEQMYTYE.jpeg","1"
"AFGG8Z8AQYGYZRZY.jpeg","1"
"AFGG8Z8ARGTHNRMZ.jpeg","1"
"AFGG8Z8ANKXBKGGR.jpeg","1"
"AFGG8Z8AGBUTFZ29.jpeg","1"
"AFGG8Z8AKCCVZF2J.jpeg","1"
"AFGG8Z8AVRYRJM4J.jpeg","1"
"AFGG8Z8AVUBTEGT5.jpeg","1"
"AFGG8Z8AGMQHGK5P.jpeg","1"
"AFGG3G2W6UATX2FY.jpeg","1"
"AFGG8Z8ADZVCYNGT.jpeg","1"
"AFGG8Z8A6SWGUUHM.jpeg","1"
"AFGG8Z8APHSGBCTA.jpeg","1"
"AFGG3Y2DBYZGXUWP.jpeg","1"
"AFGG3Y2DEQPQTA8K.jpeg","1"
"AFGG3Y2C9Z67SFF8.jpeg","1"
"AFGG3Y2DQCETHPPJ.jpeg","1"
"AFGG3Y2DWQ8UYPU7.jpeg","1"
"AFGG8Z8AH4WMVWC7.jpeg","1"
"AFGG8Z8AAEAGXMV4.jpeg","1"
"AFGG8Z8AE9MHGQKG.jpeg","1"
"AFGG8Z8AARAPENUW.jpeg","1"
"AFGG8Z8AQNPFF38J.jpeg","1"
"AFGG8Z8AHYHHGZD5.jpeg","1"
"AFGG3Y2DXPZZEFQH.jpeg","1"
"AFGG8Z8AGWYGRSZU.jpeg","1"
"AFGG3Y2DMZU6Q3FH.jpeg","1"
"AFGG3Y2DJYHFTGVD.jpeg","1"
"AFGG8Z8AGGYEC3YA.jpeg","1"
"AFGG8Z8ATGRMGHWH.jpeg","1"
"AFGG8Z8AR5H9Q6GM.jpeg","1"
"AFGG8Z8AFAZDRM86.jpeg","1"
"AFGG4CFFTZSXHHYY.jpeg","1"
"AFGG8Z8ADWDV9U9B.jpeg","1"
"AFGG8Z8AHHYY4NT5.jpeg","1"
"AFGG3Y2DCCGAFXQ7.jpeg","1"
"AFGG3Y2DZ8EKHDPW.jpeg","1"
"AFGG3Y2CUYBXKPEK.jpeg","1"
"AFGG3Y2DDUAVUNHZ.jpeg","1"
"AFGGGKYZ7RH7CKHM.jpeg","1"
"VPAGHYSWSNKCWGGN.jpeg","1"
"AFGFCGD383HTEM7H.jpeg","1"
"AFGFGET2EBBPERRW.jpeg","1"
"VPAFWH7CH7UTHHR4.jpeg","1"
"AFGG8Z8AW5RE6WGG.jpeg","1"
"AFGG3Y2DSGA5STM6.jpeg","1"
"AFGG3Y2DJN5ZUHRZ.jpeg","1"
"AFGG3Y2DPTVXY62K.jpeg","1"
"AFGG3Y2DHHEYPMUC.jpeg","1"
"AFGGHMXC4JRXQZFZ.jpeg","1"
"AFGGHMX4WSTG5Z99.jpeg","1"
"VPAGD8QFVZWXTNR3.jpeg","1"
"VPAGD8Q23VZEDECZ.jpeg","1"
"VPAGD8QFZEGDGBUQ.jpeg","1"
"AFGG3Y2DYTFUJFHP.jpeg","1"
"AFGG3Y2D9AYNPD3S.jpeg","1"
"AFGG3FCRVANEHMTD.jpeg","1"
"AFGG8Z8ATSTXQYVV.jpeg","1"
"AFGG3G2WZGATH6WE.jpeg","1"
"AFGG3Y2DHGDUK4PH.jpeg","1"
"AFGG8Z8ATWFFP8GK.jpeg","1"
"AFGG3Y2CHY9S6AH6.jpeg","1"
"AFGG8Z8APZKH2FMX.jpeg","1"
"AFGG8Z8AFCCTV4MM.jpeg","1"
"AFGFG7X3Z6TH3DPP.jpeg","1"
"AFGGJUGN7NYGEC4Q.jpeg","1"
"VPAGK8QZDGCPJJTF.jpeg","1"
"logo_dark.jpg","1"
"KTBGDM3XYSHFWCKS.jpeg","1"
"spiderman_logo_2.jpg","1"
"KTBGDM3XYWYXF9GM.jpeg","1"
"spiderman_logo_7.jpg","1"
"spiderverse_20.jpg","1"
"logo_17.jpeg","1"
"logo_20.jpeg","1"
"spiderman_logo_4.jpg","1"
"spiderman_logo_15.jpg","1"
"KTBGDM3XFPVCGBU3.jpeg","1"
"spiderverse_25.jpg","1"
"KTBGDM3WYVU8FZTK.jpeg","1"
"KTBGDM3WWHBYRWKU.jpeg","1"
"KTBGDM3VQXWZKC5U.jpeg","1"
"spider_vverse_dark.jpg","1"
"KTBGDM3VFSMQJUWF.jpeg","1"
"KTBGDM3VGETQEE3Y.jpeg","1"
"KTBGDM3VWK7D7N3N.jpeg","1"
"spider_verse.jpg","1"
"KTBGDM3WEF8NXQGN.jpeg","1"
"spiderman_logo_11.jpg","1"
"spiderverse_1.jpg","1"
"logo_19.jpg","1"
"KTBGDM3V58KSYQ8Y.jpeg","1"
"spiderverse_8.jpg","1"
"KTBGDM3VMCGCYSN8.jpeg","1"
"spiderverse_27.jpg","1"
"1075.jpg","0"
"AD121J0GH-G114.jpg","0"
"1677.jpg","0"
"image2613.jpg","0"
"image2969.jpg","0"
"SO221J069-K114.jpg","0"
"M0M22S04A-Q1110.jpg","0"
"2NA21J0D6-M111.2.jpg","0"
"SU222S0SZ-C1115.jpg","0"
"1492.jpg","0"
"1148.jpg","0"
"NI121J08U-Q1112.jpg","0"
"1006.jpg","0"
"2NA21J0HS-K151.1.jpg","0"
"1742.jpg","0"
"1218.jpg","0"
"TG022S00J-Q1110.jpg","0"
"image21853.jpg","0"
"PU121J03T-J1110.jpg","0"
"1266.jpg","0"
"2NA21J0JO-K121.1.jpg","0"
"PY522S01T-K117.1.jpg","0"
"image25189.jpg","0"
"1265.jpg","0"
"1664.jpg","0"
"image25147.jpg","0"
"image19832.jpg","0"
"CS622S03Y-Q117.jpg","0"
"1129.jpg","0"
"1723.jpg","0"
"1520.jpg","0"
"image3541.jpg","0"
"1167.jpg","0"
"1164.jpg","0"
"GO721J007-C111.1.jpg","0"
"C7642G01W-N1110.jpg","0"
"image19380.jpg","0"
"SU221J0XH-K114.1.jpg","0"
"image20400.jpg","0"
"image13422.jpg","0"
"image27036.jpg","0"
"VA222S02G-Q1116.1.jpg","0"
"image13677.jpg","0"
"1231.jpg","0"
"SU221J0XF-C1117.jpg","0"
"image21846.jpg","0"
"HT622S00R-C117.jpg","0"
"ETYG7TDSXYYDEBEJ.jpeg","0"
"2NA21J0L9-M111.1.jpg","0"
"image29110.jpg","0"
"1345.jpg","0"
"1433.jpg","0"
"146.jpg","0"
"image29033.jpg","0"
"image16012.jpg","0"
"TN222S019-G1110.jpg","0"
"TOB22S014-K118.jpg","0"
"1227.jpg","0"
"1359.jpg","0"
"1456.jpg","0"
"2NA22S091-K161.1.jpg","0"
"2NA21J0HW-J121.1.jpg","0"
"BI722S03F-Q113.1.jpg","0"
"ON921J00Q-C118.jpg","0"
"JA222S0PP-N118.jpg","0"
"UR622S025-Q1121.jpg","0"
"QU122S037-K1210.jpg","0"
"image17892.jpg","0"
"1FI22S002-A1110.jpg","0"
"TOB21J019-M1110.jpg","0"
"IR222S000-C117.jpg","0"
"1761.jpg","0"
"UR621J01P-Q115.1.jpg","0"
"1590.jpg","0"
"image0358.jpg","0"
"1184.jpg","0"
"1392.jpg","0"
"image25320.jpg","0"
"image6184.jpg","0"
"SIF22S00L-Q118.1.jpg","0"
"F1422S00R-K118.jpg","0"
"image26834.jpg","0"
"GP021J03O-L118.jpg","0"
"image13892.jpg","0"
"BI722S03A-C119.1.jpg","0"
"JA222S0M9-C1110.jpg","0"
"1413.jpg","0"
"UR621J01P-C125.1.jpg","0"
"NI121J08H-C1114.jpg","0"
"NI122S0AC-K112.1.jpg","0"
"image27028.jpg","0"
"FO521J00T-I1113.1.jpg","0"
"KK122S00W-G118.1.jpg","0"
"1650.jpg","0"
"image11166.jpg","0"
"133.jpg","0"
"HU722S01Z-Q118.jpg","0"
"1598.jpg","0"
"image29492.jpg","0"
"1517.jpg","0"
"image1529.jpg","0"
"C1422S02X-K1210.jpg","0"
"TO122S04A-A118.jpg","0"
"OND21J000-Q119.jpg","0"
"PE821J003-Q1111.1.jpg","0"
"WEB21J001-C118.jpg","0"
"1473.jpg","0"
"JA222S151-C117.jpg","0"
"image30648.jpg","0"
"1144.jpg","0"
"PU122S03B-A1116.1.jpg","0"
"1279.jpg","0"
"YO122S06X-K1113.1.jpg","0"
"DDHGBTDPRHWKXTSW.jpeg","0"
"YO122S02G-G1110.4.jpg","0"
"LE221J019-K118.jpg","0"
"M0M22S00B-C122.1.jpg","0"
"image4824.jpg","0"
"1450.jpg","0"
"WEB21J001-J1110.1.jpg","0"
"image11517.jpg","0"
"103.jpg","0"
"JAC22S016-C1112.jpg","0"
"image3380.jpg","0"
"1690.jpg","0"
"HU721J00I-A1130.jpg","0"
"QU122S039-C1113.1.jpg","0"
"2NA21J0KX-E111.1.jpg","0"
"ETYG7TCFVH3CEGKM.jpeg","0"
"CS622S03C-Q1112.1.jpg","0"
"image31888.jpg","0"
"image3254.jpg","0"
"1438.jpg","0"
"DDHG4AV2G3UYTWRK.jpeg","0"
"M0Y21J00L-C118.jpg","0"
"C0T21J00V-C1110.jpg","0"
"1691.jpg","0"
"image21146.jpg","0"
"TOB22S012-C118.jpg","0"
"image22088.jpg","0"
"PUZGAHARK5FWZEUR.jpeg","0"
"1121.jpg","0"
"VE121J04I-C1110.jpg","0"
"2NA21J0NC-M111.1.jpg","0"
"PUZG4HJHTNEHGPTF.jpeg","0"
"image8009.jpg","0"
"C7642G023-C1110.jpg","0"
"SU221J0WZ-C115.jpg","0"
"V1922S039-C1311.2.jpg","0"
"image20833.jpg","0"
"2NA22S0BM-O111.1.jpg","0"
"image6140.jpg","0"
"2NA21J0MX-P1110.jpg","0"
"image23267.jpg","0"
"JA222S12D-B1113.1.jpg","0"
"image32029.jpg","0"
"M0M22S041-C111.1.jpg","0"
"NI122S07D-N118.jpg","0"
"CS622S03B-M1115.1.jpg","0"
"RE321J01E-A1111.jpg","0"
"EL822S04B-N1112.jpg","0"
"1721.jpg","0"
"TOB22S014-M1110.jpg","0"
"image20228.jpg","0"
"FT221I056-K1110.jpg","0"
"1140.jpg","0"
"PUZG3ECB7FMBZTAW.jpeg","0"
"TO122S049-K1210.jpg","0"
"JA222S147-K117.jpg","0"
"OS322S0BJ-C1110.jpg","0"
"JA222S15R-A1117.1.jpg","0"
"image10324.jpg","0"
"TOB21J00L-C118.jpg","0"
"118.jpg","0"
"JA222S151-M117.jpg","0"
"GP021J045-K1110.jpg","0"
"1406.jpg","0"
"NA622S02P-C1115.1.jpg","0"
"image2720.jpg","0"
"SOA21J002-A1115.jpg","0"
"M0M22S02P-Q111.1.jpg","0"
"1532.jpg","0"
"image8792.jpg","0"
"1284.jpg","0"
"1519.jpg","0"
"image31031.jpg","0"
"1769.jpg","0"
"156.jpg","0"
"1658.jpg","0"
"RI922S032-J1110.jpg","0"
"image25150.jpg","0"
"1079.jpg","0"
"SU222S0UA-K114.1.jpg","0"
"1203.jpg","0"
"PO222S03O-K1118.1.jpg","0"
"TWPGDF5Z4MMW6QHY.jpeg","0"
"CS622S03Z-J118.jpg","0"
"1115.jpg","0"
"SO222S07S-C1112.1.jpg","0"
"2NA21J0CR-J171.1.jpg","0"
"image10935.jpg","0"
"PE821J003-B1110.jpg","0"
"image29079.jpg","0"
"M0M22S024-Q111.2.jpg","0"
"2NA22S091-Q121.1.jpg","0"
"2NA21J0HQ-E121.1.jpg","0"
"UR622S04J-G1116.jpg","0"
"1256.jpg","0"
"RI921J00L-Q114.jpg","0"
"2NA21J0K9-C111.1.jpg","0"
"image26231.jpg","0"
"SU222S0UQ-K118.jpg","0"
"SU221J0UX-M1110.jpg","0"
"1402.jpg","0"
"2NA21J0DT-M111.1.jpg","0"
"1484.jpg","0"
"AL522S011-M118.jpg","0"
"image1133.jpg","0"
"1251.jpg","0"
"UR621J02K-J113.1.jpg","0"
"image3621.jpg","0"
"EA722S000-Q118.jpg","0"
"NS422S01G-J117.jpg","0"
"ETYG7TDHPNQUHGFJ.jpeg","0"
"1078.jpg","0"
"ON321J0I7-B114.jpg","0"
"VA222S02K-A1115.1.jpg","0"
"2NA21J0IN-K111.1.jpg","0"
"R0622S00N-M117.jpg","0"
"2NA22S0CA-K1110.jpg","0"
"1550.jpg","0"
"JA222Q0OB-C1117.jpg","0"
"image3921.jpg","0"
"JA222S14D-K1110.jpg","0"
"1102.jpg","0"
"127.jpg","0"
"image12960.jpg","0"
"image20919.jpg","0"
"NI122S091-Q1116.jpg","0"
"1731.jpg","0"
"M0M22S012-Q111.1.jpg","0"
"GP022S02B-K1113.jpg","0"
"image20185.jpg","0"
"137.jpg","0"
"image9697.jpg","0"
"2NA21J0IT-C121.1.jpg","0"
"SU222S0US-K112.1.jpg","0"
"1207.jpg","0"
"image19897.jpg","0"
"GID21J00D-Q114.jpg","0"
"NI121J086-E118.1.jpg","0"
"image5448.jpg","0"
"image25225.jpg","0"
"1512.jpg","0"
"H4421J014-Q112.1.jpg","0"
"PO222O04P-K118.1.jpg","0"
"1122.jpg","0"
"1644.jpg","0"
"SO222Q0EG-K1127.jpg","0"
"H0421J012-G1110.jpg","0"
"1FI41G007-J1110.1.jpg","0"
"OS322S0B9-K1120.jpg","0"
"image22384.jpg","0"
"GS122S08F-A117.jpg","0"
"1190.jpg","0"
"image3550.jpg","0"
"1141.jpg","0"
"SIB22S00Z-G117.jpg","0"
"2NA21J0J9-C111.1.jpg","0"
"JA222S13E-Q1111.jpg","0"
"1119.jpg","0"
"PE122S03C-C1116.1.jpg","0"
"T3742D00B-K1112.jpg","0"
"2NA22S0CT-C1114.jpg","0"
"MA321J039-B1113.jpg","0"
"1407.jpg","0"
"image22687.jpg","0"
"image21809.jpg","0"
"image14202.jpg","0"
"1716.jpg","0"
"VA221J041-Q1110.1.jpg","0"
"image5745.jpg","0"
"image3771.jpg","0"
"1303.jpg","0"
"PUZG3EH94WAFNYFP.jpeg","0"
"JA222S0N0-K1110.jpg","0"
"image11021.jpg","0"
"image15356.jpg","0"
"RAC21J00B-Q1114.jpg","0"
"2NA21J0IW-K199.jpg","0"
"1348.jpg","0"
"image27830.jpg","0"
"SU222S0RW-A1113.1.jpg","0"
"2NA22S0BQ-O111.1.jpg","0"
"image20728.jpg","0"
"SU222S0U7-C1111.jpg","0"
"1GG22S003-K119.jpg","0"
"UR622S02X-Q111.1.jpg","0"
"TOB21J00Y-C1115.1.jpg","0"
"image10775.jpg","0"
"image23935.jpg","0"
"1247.jpg","0"
"VA222S02K-Q1120.1.jpg","0"
"BH921J01C-M1112.jpg","0"
"image14000.jpg","0"
"2NA21J0IO-J111.1.jpg","0"
"NE322S00S-Q1115.jpg","0"
"UR621J01Y-I111.1.jpg","0"
"1085.jpg","0"
"NI121J066-C1110.jpg","0"
"WO421J012-G118.jpg","0"
"image4153.jpg","0"
"image11203.jpg","0"
"1326.jpg","0"
"HE621J000-M1116.jpg","0"
"NI121J084-C1113.1.jpg","0"
"SC322S03T-E1112.jpg","0"
"NI122S08M-O1123.jpg","0"
"1369.jpg","0"
"DR121J009-G1116.jpg","0"
"image25640.jpg","0"
"ETYG7TBHSCYRUZGP.jpeg","0"
"UR622S030-H116.1.jpg","0"
"LE221J01C-Q118.jpg","0"
"SU221J0VI-A1115.jpg","0"
"image18570.jpg","0"
"SU222S0O0-C1120.jpg","0"
"FD521J008-G117.jpg","0"
"NE322S007-K1113.jpg","0"
"LA222S02G-K1110.jpg","0"
"1653.jpg","0"
"MN841G001-G1110.jpg","0"
"SU221J0XT-I1116.1.jpg","0"
"image16112.jpg","0"
"1324.jpg","0"
"TO222S059-G1115.1.jpg","0"
"2NA21J0CL-K181.1.jpg","0"
"LE221J01C-C1110.jpg","0"
"1750.jpg","0"
"1183.jpg","0"
"2NA22S06Q-C121.1.jpg","0"
"image17819.jpg","0"
"SU222S0NY-C1116.jpg","0"
"image15877.jpg","0"
"1481.jpg","0"
"SO222S072-C1113.jpg","0"
"image18615.jpg","0"
"TWPGHS3YMEGEMZZT.jpeg","0"
"image22633.jpg","0"
"1478.jpg","0"
"1663.jpg","0"
"2NA21J0HS-K131.1.jpg","0"
"CO422S03P-Q111.1.jpg","0"
"image10751.jpg","0"
"114.jpg","0"
"2NA21J0HQ-C131.1.jpg","0"
"image8301.jpg","0"
"C0T21J00K-A118.jpg","0"
"1239.jpg","0"
"1143.jpg","0"
"170.jpg","0"
"2NA22S0BL-B111.1.jpg","0"
"1019.jpg","0"
"TW421J04F-T118.jpg","0"
"image20475.jpg","0"
"MOQ21J00A-B119.jpg","0"
"EL822S04B-Q1110.jpg","0"
"1108.jpg","0"
"ON321J0HR-J114.jpg","0"
"image5192.jpg","0"
"image16820.jpg","0"
"1639.jpg","0"
"image14550.jpg","0"
"SO221I0SD-E1119.jpg","0"
"JY121J01S-G1110.1.jpg","0"
"1627.jpg","0"
"164.jpg","0"
"CH621J01R-Q1110.jpg","0"
"PUZG3ECG4YXPZXUG.jpeg","0"
"2NA21J0K3-C111.1.jpg","0"
"1416.jpg","0"
"image6332.jpg","0"
"1181.jpg","0"
"image17969.jpg","0"
"OP521J01A-J119.jpg","0"
"SIB22S00W-E119.jpg","0"
"2NA21J0L9-K111.1.jpg","0"
"1604.jpg","0"
"KH121J03Q-C114.jpg","0"
"NAA21J00U-A114.jpg","0"
"1020.jpg","0"
"1646.jpg","0"
"2NA21J0EC-B111.1.jpg","0"
"GS122S07K-Q1115.1.jpg","0"
"SU221J0VD-C1117.jpg","0"
"M0M22S045-Q1110.jpg","0"
"2NA21J0G0-J111.1.jpg","0"
"image19726.jpg","0"
"1379.jpg","0"
"VE121J04I-N1110.jpg","0"
"1647.jpg","0"
"image27581.jpg","0"
"TWPGHS42G32QFGVV.jpeg","0"
"1419.jpg","0"
"NE322S016-Q1111.jpg","0"
"image24960.jpg","0"
"1322.jpg","0"
"SU221J0VJ-L1113.jpg","0"
"2NA21J0K3-M111.2.jpg","0"
"image6692.jpg","0"
"JA222S135-K113.1.jpg","0"
"1018.jpg","0"
"2NA21J0J5-K111.1.jpg","0"
"image9874.jpg","0"
"SU222S0R8-K1116.jpg","0"
"1651.jpg","0"
"TO122S04A-O1110.jpg","0"
"1408.jpg","0"
"BI721J03Z-A118.jpg","0"
"image15749.jpg","0"
"SU221J0X5-J1117.jpg","0"
"image0800.jpg","0"
"1209.jpg","0"
"image19387.jpg","0"
"JA222S15D-C1119.jpg","0"
"SU221J0VT-G1118.jpg","0"
"HO021I00O-M118.jpg","0"
"image17829.jpg","0"
"NL021J04X-C114.jpg","0"
"2NA21J0L6-C111.1.jpg","0"
"COH22S002-Q1110.jpg","0"
"image20438.jpg","0"
"JA222S16K-Q1115.jpg","0"
"image28762.jpg","0"
"CE721J00E-Q1110.jpg","0"
"NR122S000-G117.jpg","0"
"1641.jpg","0"
"2NA21J0KX-K151.1.jpg","0"
"CKA41G000-A117.jpg","0"
"DE822S007-M1110.jpg","0"
"SU222S0SJ-C1116.jpg","0"
"image3433.jpg","0"
"image17893.jpg","0"
"1246.jpg","0"
"image22626.jpg","0"
"image15403.jpg","0"
"image6753.jpg","0"
"2NA22S0BM-C121.1.jpg","0"
"TWPGA93YYGNKAKTU.jpeg","0"
"IJ022Q00H-Q1110.jpg","0"
"2NA21J0IO-K111.1.jpg","0"
"4BE22S015-C1113.1.jpg","0"
"UR622S030-G123.1.jpg","0"
"image27399.jpg","0"
"AD121J0HY-J119.jpg","0"
"image2424.jpg","0"
"SO222O0OF-C1116.jpg","0"
"TR122S01U-K119.jpg","0"
"UR622S030-E116.1.jpg","0"
"GP021J03L-K114.jpg","0"
"image18545.jpg","0"
"CE721J00G-C1110.jpg","0"
"image15429.jpg","0"
"1042.jpg","0"
"TOB22S01E-A119.jpg","0"
"JA222S14K-C1120.jpg","0"
"image5163.jpg","0"
"PUZGAHBFCJ6RFKNR.jpeg","0"
"WO421J013-K118.jpg","0"
"image13858.jpg","0"
"2NA21J0LC-M111.1.jpg","0"
"TWPGAA84REWDRM6C.jpeg","0"
"NI121J07U-Q111.1.jpg","0"
"image8803.jpg","0"
"H0421J00V-K117.jpg","0"
"1314.jpg","0"
"JA222S12N-C123.1.jpg","0"
"SO221I0ST-K1111.jpg","0"
"image5526.jpg","0"
"URA21J001-Q1110.jpg","0"
"image30294.jpg","0"
"image29036.jpg","0"
"EL922S00U-K118.jpg","0"
"NE322S00Q-C1117.jpg","0"
"image0503.jpg","0"
"132.jpg","0"
"PUZG3ECBTR7HHJBT.jpeg","0"
"CL321J00B-K117.jpg","0"
"image6795.jpg","0"
"SU222S0SH-C1218.jpg","0"
"1354.jpg","0"
"YO122QA01-C1114.jpg","0"
"1638.jpg","0"
"1684.jpg","0"
"1288.jpg","0"
"1747.jpg","0"
"L4822S003-N1110.1.jpg","0"
"NI121J086-H119.jpg","0"
"TH342G01M-K1112.jpg","0"
"1396.jpg","0"
"WR122S00Y-Q118.jpg","0"
"image9687.jpg","0"
"2NA21J0JL-I111.1.jpg","0"
"1158.jpg","0"
"RI721J028-C113.1.jpg","0"
"1048.jpg","0"
"image19088.jpg","0"
"image10585.jpg","0"
"2NA21J0KX-O111.1.jpg","0"
"1470.jpg","0"
"WEB22S01K-P1121.1.jpg","0"
"RO521J05A-Q1110.jpg","0"
"image29666.jpg","0"
"C7422S008-A1110.jpg","0"
"2NA22S077-C111.1.jpg","0"
"1001.jpg","0"
"EL921J016-Q1110.jpg","0"
"1127.jpg","0"
"image29965.jpg","0"
"image8118.jpg","0"
"DDHG4ATGJBYGEPTQ.jpeg","0"
"2NA21J0K1-C121.2.jpg","0"
"image28966.jpg","0"
"1624.jpg","0"
"1213.jpg","0"
"image2215.jpg","0"
"1584.jpg","0"
"TWPGBD64YNBAMHQD.jpeg","0"
"1503.jpg","0"
"1275.jpg","0"
"1706.jpg","0"
"image22164.jpg","0"
"image26571.jpg","0"
"image31193.jpg","0"
"TWPG8D9RR6MVUWK9.jpeg","0"
"PU122S037-Q1118.1.jpg","0"
"PUZG7TFSZHH5HYVG.jpeg","0"
"2NA21J0LV-M121.2.jpg","0"
"1542.jpg","0"
"image6053.jpg","0"
"image0414.jpg","0"
"1128.jpg","0"
"1208.jpg","0"
"1241.jpg","0"
"ZA821J00B-C128.jpg","0"
"image5507.jpg","0"
"TOB22S014-G1112.jpg","0"
"BOH22S00Q-Q1112.jpg","0"
"1094.jpg","0"
"MOQ21J002-M118.jpg","0"
"image27123.jpg","0"
"OP522S014-Q1114.1.jpg","0"
"DC122S03K-K113.1.jpg","0"
"SU221J0VL-C1118.jpg","0"
"image1763.jpg","0"
"2NA21J0CL-K1217.jpg","0"
"UR622S04J-N1117.jpg","0"
"JA222S14M-Q1115.jpg","0"
"image10543.jpg","0"
"1377.jpg","0"
"SU222S0QA-C118.jpg","0"
"image2555.jpg","0"
"1015.jpg","0"
"image26370.jpg","0"
"2NA22S08G-K141.1.jpg","0"
"image30796.jpg","0"
"C1822S03A-A1119.1.jpg","0"
"1602.jpg","0"
"1318.jpg","0"
"1035.jpg","0"
"image9897.jpg","0"
"EL822S04E-Q1110.jpg","0"
"image28518.jpg","0"
"V1922S04Q-Q111.1.jpg","0"
"image23416.jpg","0"
"2NA21J0MZ-K111.1.jpg","0"
"2NA21J0PF-K118.jpg","0"
"image3383.jpg","0"
"2NA21J0KU-C141.2.jpg","0"
"UR621J02E-C111.1.jpg","0"
"1657.jpg","0"
"ON321J0HR-G114.jpg","0"
"2NA21J0K1-K121.1.jpg","0"
"QS121D0RX-A1110.jpg","0"
"169.jpg","0"
"TR122S01L-K1110.jpg","0"
"SOA21J002-Q1115.jpg","0"
"HE622S000-Q118.jpg","0"
"MQ121J00C-Q1112.jpg","0"
"ETYG7TDVKER5GGEG.jpeg","0"
"1569.jpg","0"
"image23144.jpg","0"
"2NA21J0LY-K1712.jpg","0"
"1286.jpg","0"
"M0M22S010-Q1111.jpg","0"
"2NA22S0CK-K121.1.jpg","0"
"SIF22S002-K1114.jpg","0"
"1757.jpg","0"
"1595.jpg","0"
"SU222S0SG-G1117.jpg","0"
"AD121J0FP-K1210.jpg","0"
"image22176.jpg","0"
"2NA21J0HG-C141.1.jpg","0"
"1422.jpg","0"
"JA222S13U-C118.jpg","0"
"ETYG7TEAWQEGECJJ.jpeg","0"
"1439.jpg","0"
"GP021C0A8-A1110.jpg","0"
"C1821J02T-Q1120.jpg","0"
"image25399.jpg","0"
"SU222S0O6-K1212.jpg","0"
"JL122S018-Q117.jpg","0"
"VA222S02O-Q1112.jpg","0"
"QS121J048-C1119.jpg","0"
"R6222S00C-K1114.1.jpg","0"
"ON321J0I9-O114.jpg","0"
"H0H22S00C-E118.jpg","0"
"image10584.jpg","0"
"1521.jpg","0"
"image15214.jpg","0"
"TWPGHS3XHPZDKXUA.jpeg","0"
"NM321J03F-J1110.jpg","0"
"image7086.jpg","0"
"NE322S00R-Q1119.jpg","0"
"1244.jpg","0"
"CE721J00E-C1110.jpg","0"
"CH622S016-J117.jpg","0"
"QU122S03I-C118.jpg","0"
"VA221C010-J119.jpg","0"
"PY522S01T-O1110.jpg","0"
"NI121J08H-A1116.jpg","0"
"115.jpg","0"
"image10154.jpg","0"
"M0M21J004-H1118.jpg","0"
"image23394.jpg","0"
"GP021J045-I1110.jpg","0"
"2NA21J0HG-K171.1.jpg","0"
"IJ022Q003-C117.jpg","0"
"1FI21J00A-A1110.jpg","0"
"ON321J0HS-C117.jpg","0"
"UR622S01D-O111.1.jpg","0"
"image19445.jpg","0"
"PUZG3EH8JU8KZDTN.jpeg","0"
"NI122S08F-G1110.jpg","0"
"PO221I04D-A1213.jpg","0"
"JOC42G00P-G1110.jpg","0"
"image22182.jpg","0"
"image25169.jpg","0"
"image2421.jpg","0"
"SU222S0TY-C111.1.jpg","0"
"2NA21J0JW-C131.1.jpg","0"
"1518.jpg","0"
"1666.jpg","0"
"image4100.jpg","0"
"1486.jpg","0"
"117.jpg","0"
"PUZG3ECBAGVYZRHS.jpeg","0"
"1FI21J00J-K118.jpg","0"
"126.jpg","0"
"image28067.jpg","0"
"109.jpg","0"
"image27780.jpg","0"
"EA722S002-Q118.jpg","0"
"UM421J000-G117.jpg","0"
"CKA41G000-Q1110.jpg","0"
"SU222S0O1-M1112.jpg","0"
"2NA21J0DN-J121.1.jpg","0"
"1123.jpg","0"
"image10410.jpg","0"
"image19614.jpg","0"
"image29783.jpg","0"
"1409.jpg","0"
"image23811.jpg","0"
"RE321J01C-G119.jpg","0"
"image6900.jpg","0"
"2NA21J0P3-C1114.jpg","0"
"image1830.jpg","0"
"image30456.jpg","0"
"TH322S000-G1115.1.jpg","0"
"image10411.jpg","0"
"KK121J003-M1110.jpg","0"
"1259.jpg","0"
"1325.jpg","0"
"M0M22S037-Q111.1.jpg","0"
"SU221J0XD-M1117.jpg","0"
"image23728.jpg","0"
"SU222S0OJ-H112.1.jpg","0"
"17.jpg","0"
"image6828.jpg","0"
"image12798.jpg","0"
"ETYG7TDGYSR4KBFC.jpeg","0"
"1435.jpg","0"
"172.jpg","0"
"image30403.jpg","0"
"2NA22S0AD-O111.3.jpg","0"
"2NA22S0CD-K131.1.jpg","0"
"DDHG4AVQ5W6FYHKM.jpeg","0"
"image13180.jpg","0"
"C0T21J00V-J1110.jpg","0"
"image22705.jpg","0"
"ED122S05W-C117.jpg","0"
"1028.jpg","0"
"OP521J01F-K1114.jpg","0"
"KK121J000-Q118.jpg","0"
"DI121J031-A114.jpg","0"
"MU321J00O-K1117.1.jpg","0"
"1390.jpg","0"
"2NA21J0HT-T111.2.jpg","0"
"image16597.jpg","0"
"1525.jpg","0"
"OB021J00Y-K1112.jpg","0"
"2NA22S06P-O121.1.jpg","0"
"JA222S12I-Q1112.jpg","0"
"image4038.jpg","0"
"image19068.jpg","0"
"1557.jpg","0"
"BH921J01E-N1110.jpg","0"
"1344.jpg","0"
"1588.jpg","0"
"image1801.jpg","0"
"1764.jpg","0"
"THJ21J008-G116.jpg","0"
"image15748.jpg","0"
"GO721J009-C111.1.jpg","0"
"image19230.jpg","0"
"image30675.jpg","0"
"C0822S00K-Q118.jpg","0"
"2NA22S0BH-C131.1.jpg","0"
"TW421J048-K118.jpg","0"
"BE922S009-Q118.jpg","0"
"1105.jpg","0"
"1619.jpg","0"
"SO222S07R-K1111.jpg","0"
"1197.jpg","0"
"148.jpg","0"
"2NA22S06R-K241.1.jpg","0"
"1642.jpg","0"
"2NA21J0K9-K111.2.jpg","0"
"JA222S17O-A1122.jpg","0"
"UR622J001-A1110.jpg","0"
"image24609.jpg","0"
"image0341.jpg","0"
"1193.jpg","0"
"M9122S053-A1110.jpg","0"
"TWPG4VSDG5NP2UKR.jpeg","0"
"TWPG9HNCF4FCRPQV.jpeg","0"
"C0T21J00P-Q1110.jpg","0"
"ETYG7TBYVCVYCXZQ.jpeg","0"
"SU242G01Y-J1111.jpg","0"
"image30443.jpg","0"
"2NA22S07P-C121.2.jpg","0"
"2NA22S07P-K221.2.jpg","0"
"1560.jpg","0"
"image25686.jpg","0"
"TWPG9HPHHSZGQXNW.jpeg","0"
"1555.jpg","0"
"ETYG7TCJH7THCG9E.jpeg","0"
"CS622S03S-G1112.jpg","0"
"1366.jpg","0"
"image32171.jpg","0"
"ON321J0HY-Q117.jpg","0"
"image22473.jpg","0"
"1523.jpg","0"
"image24687.jpg","0"
"1640.jpg","0"
"1730.jpg","0"
"image30827.jpg","0"
"image6076.jpg","0"
"1233.jpg","0"
"image16808.jpg","0"
"THH21J007-Q118.jpg","0"
"1692.jpg","0"
"DI121J031-Q114.jpg","0"
"image10170.jpg","0"
"LEP22S008-C118.jpg","0"
"1688.jpg","0"
"image8280.jpg","0"
"BO121J016-Q117.jpg","0"
"AD121J0H6-M1113.jpg","0"
"2NA21J0HS-C111.1.jpg","0"
"EL921J00C-A1112.jpg","0"
"158.jpg","0"
"1552.jpg","0"
"image23123.jpg","0"
"image2980.jpg","0"
"SU221J0N5-G1112.jpg","0"
"1332.jpg","0"
"UR621J02X-A118.jpg","0"
"QM129J008-K118.jpg","0"
"2NA21J0JW-C121.1.jpg","0"
"1067.jpg","0"
"DI121J02R-Q118.jpg","0"
"1656.jpg","0"
"REF22S002-K1117.1.jpg","0"
"1467.jpg","0"
"image20812.jpg","0"
"1063.jpg","0"
"image15744.jpg","0"
"2NA21J0EC-K131.1.jpg","0"
"image17789.jpg","0"
"1475.jpg","0"
"GS122S090-K1114.jpg","0"
"1741.jpg","0"
"image25609.jpg","0"
"OB022S010-C1110.jpg","0"
"MI422S01C-G1110.jpg","0"
"CH622S00X-Q118.jpg","0"
"1285.jpg","0"
"NI121J090-C1114.jpg","0"
"UR621J02E-G111.1.jpg","0"
"1674.jpg","0"
"1582.jpg","0"
"1310.jpg","0"
"image20079.jpg","0"
"image8416.jpg","0"
"QU122S034-K118.jpg","0"
"image5035.jpg","0"
"1260.jpg","0"
"2NA21J0K8-B111.1.jpg","0"
"EL822S055-C113.1.jpg","0"
"image22827.jpg","0"
"image24961.jpg","0"
"1312.jpg","0"
"1267.jpg","0"
"1065.jpg","0"
"1707.jpg","0"
"SU221J0XN-K111.1.jpg","0"
"REF22S000-Q1110.jpg","0"
"106.jpg","0"
"1295.jpg","0"
"108.jpg","0"
"2NA22S0BL-C121.2.jpg","0"
"NAA21J00P-N115.1.jpg","0"
"JA222S11T-B1110.jpg","0"
"2NA21J0PJ-M118.jpg","0"
"2NA21J0HQ-G111.2.jpg","0"
"2NA21J0HW-K121.1.jpg","0"
"1152.jpg","0"
"AL522S00Z-M1110.jpg","0"
"image6225.jpg","0"
"EL822S043-C111.1.jpg","0"
"NI122S0AB-K112.1.jpg","0"
"1697.jpg","0"
"image31035.jpg","0"
"GS122S081-C1116.1.jpg","0"
"CN922S03G-Q1110.jpg","0"
"1382.jpg","0"
"image19612.jpg","0"
"SU221J0UQ-C1222.jpg","0"
"1529.jpg","0"
"SU221J0TN-C1110.jpg","0"
"7SI21I06P-C114.jpg","0"
"M0M22S00B-Q1110.jpg","0"
"ETYG7TCZAGRF4YQA.jpeg","0"
"1289.jpg","0"
"C1821J02G-A1210.jpg","0"
"image17806.jpg","0"
"SO222Q0EP-C116.1.jpg","0"
"AD121J0I9-Q1117.1.jpg","0"
"1340.jpg","0"
"DC122S03L-G111.1.jpg","0"
"CO421J03E-C1110.jpg","0"
"SO221J066-Q117.jpg","0"
"1388.jpg","0"
"KK122S00R-M118.jpg","0"
"image9820.jpg","0"
"1530.jpg","0"
"2NA21J0IQ-M111.1.jpg","0"
"2NA21J07I-C111.1.jpg","0"
"image18476.jpg","0"
"UR622S02A-I118.jpg","0"
"1106.jpg","0"
"1743.jpg","0"
"OS322O0M0-N119.jpg","0"
"image9942.jpg","0"
"TF322S01I-M1112.1.jpg","0"
"DD422S00I-Q118.jpg","0"
"DI121J032-A114.jpg","0"
"C2342G00K-C128.jpg","0"
"image28638.jpg","0"
"1543.jpg","0"
"2NA21J0KX-K141.1.jpg","0"
"SU221J0TX-K1116.jpg","0"
"image20990.jpg","0"
"R5921J04H-K1110.jpg","0"
"SU241G01D-Q1115.jpg","0"
"image31048.jpg","0"
"1736.jpg","0"
"139.jpg","0"
"SU221J0UO-E114.jpg","0"
"PUZG3EM5AKWN6Q3R.jpeg","0"
"TH341B0BG-K161.1.jpg","0"
"TO722S08E-C118.jpg","0"
"1269.jpg","0"
"image9737.jpg","0"
"image26802.jpg","0"
"AD122S07U-K125.jpg","0"
"1056.jpg","0"
"image0732.jpg","0"
"2NA21J0JE-J111.1.jpg","0"
"image7633.jpg","0"
"TQ021J00F-B117.jpg","0"
"CO421J048-N114.jpg","0"
"TOB21J00X-Q117.jpg","0"
"image7454.jpg","0"
"image23402.jpg","0"
"1153.jpg","0"
"CQ122Q00D-C118.jpg","0"
"1549.jpg","0"
"ES122S04H-K1116.1.jpg","0"
"1200.jpg","0"
"MN841G000-Q1111.jpg","0"
"2NA21J0IB-K121.1.jpg","0"
"2NA21J0KZ-C121.1.jpg","0"
"LEC22S007-N118.jpg","0"
"10K21J006-A1115.jpg","0"
"VA222S039-K117.jpg","0"
"image19103.jpg","0"
"2NA21J0M4-M121.1.jpg","0"
"TO122S04A-Q118.jpg","0"
"BI721J03X-A1112.jpg","0"
"1049.jpg","0"
"image20963.jpg","0"
"2NA21J0CL-G131.1.jpg","0"
"image27906.jpg","0"
"2NA21J0HS-O111.1.jpg","0"
"image19916.jpg","0"
"SA321J00N-E118.jpg","0"
"WEB21J001-K1210.jpg","0"
"SU222S0RT-C1118.jpg","0"
"image24329.jpg","0"
"TWPGABB8VWDCFJHW.jpeg","0"
"1440.jpg","0"
"2NA21J0K9-B121.1.jpg","0"
"1021.jpg","0"
"NA622S02R-C1114.1.jpg","0"
"TOB21J013-G1110.jpg","0"
"TWPG9XPRKD8PAB9G.jpeg","0"
"TO722S08O-M1112.1.jpg","0"
"image0154.jpg","0"
"15.jpg","0"
"DI621J001-C1110.jpg","0"
"1116.jpg","0"
"1071.jpg","0"
"A0F22S016-K1110.jpg","0"
"SU221J0VZ-M1117.jpg","0"
"DC122S031-Q1118.jpg","0"
"BOH22S000-C118.jpg","0"
"TWPG9XPFZPDQWAZH.jpeg","0"
"HU342G012-K1110.jpg","0"
"1564.jpg","0"
"image18364.jpg","0"
"OB021J00Y-E1110.jpg","0"
"NY221J006-E118.jpg","0"
"SU222S0SY-G1114.jpg","0"
"UM422S007-G118.jpg","0"
"NI122S08N-N1110.jpg","0"
"1491.jpg","0"
"image5452.jpg","0"
"0DB22S004-C118.jpg","0"
"2NA21J0JL-L111.1.jpg","0"
"1003.jpg","0"
"WEB21J001-O114.jpg","0"
"JA222S14X-M114.jpg","0"
"image1671.jpg","0"
"image28399.jpg","0"
"2NA21J0FY-G111.1.jpg","0"
"image11772.jpg","0"
"DDHGBTDKYGGU9HZG.jpeg","0"
"image31999.jpg","0"
"JA222S15D-C1220.jpg","0"
"GID21J008-Q1110.jpg","0"
"image9018.jpg","0"
"image23588.jpg","0"
"L0M21J001-C1110.jpg","0"
"1050.jpg","0"
"image22588.jpg","0"
"SU241G01J-G1113.1.jpg","0"
"PO221J018-A118.jpg","0"
"HOS21J000-C1116.jpg","0"
"SU222S0SX-K1116.jpg","0"
"OS322S0A5-C1117.1.jpg","0"
"MA322S02N-K118.jpg","0"
"1672.jpg","0"
"JY121J01P-J118.1.jpg","0"
"1436.jpg","0"
"image10936.jpg","0"
"2NA21J0PO-Q111.1.jpg","0"
"1661.jpg","0"
"1616.jpg","0"
"1534.jpg","0"
"EROG6UUS8EZSRYHG.jpeg","0"
"2NA21J0HG-C121.2.jpg","0"
"image2175.jpg","0"
"SAD21J00F-Q119.jpg","0"
"M0Y21J00B-K118.jpg","0"
"1753.jpg","0"
"image28707.jpg","0"
"2NA21J0JL-J131.1.jpg","0"
"M0M22S03U-Q112.1.jpg","0"
"1395.jpg","0"
"1222.jpg","0"
"UR621J01Y-C115.1.jpg","0"
"image8478.jpg","0"
"NI121J066-J1410.1.jpg","0"
"1011.jpg","0"
"129.jpg","0"
"SU221J0V1-K1114.1.jpg","0"
"image3356.jpg","0"
"MEJ21J002-Q114.jpg","0"
"image23643.jpg","0"
"YO122S05H-Q1111.jpg","0"
"image17791.jpg","0"
"SO221I0VX-Q1113.jpg","0"
"PUZGAH8VZZQBQQ4B.jpeg","0"
"IJ022S009-C1112.jpg","0"
"MEF22S010-E1110.jpg","0"
"1131.jpg","0"
"C7422S008-Q1110.jpg","0"
"image22846.jpg","0"
"SU221J0W6-Q112.1.jpg","0"
"image27535.jpg","0"
"NA622S02P-K1118.1.jpg","0"
"NE322S006-K1112.jpg","0"
"4BE22S015-K1213.1.jpg","0"
"AL522S00Z-P1110.jpg","0"
"image22946.jpg","0"
"JA222S16H-Q1120.jpg","0"
"image6436.jpg","0"
"image5973.jpg","0"
"image1692.jpg","0"
"image1573.jpg","0"
"image11382.jpg","0"
"image10749.jpg","0"
"image13109.jpg","0"
"image19315.jpg","0"
"175.jpg","0"
"TWPGAE8GHBZHBKBJ.jpeg","0"
"GOG22S001-C117.1.jpg","0"
"JA222S14E-Q1111.jpg","0"
"ON321I185-C1116.1.jpg","0"
"image21366.jpg","0"
"image15458.jpg","0"
"1686.jpg","0"
"image14050.jpg","0"
"UR621J02E-E111.1.jpg","0"
"1163.jpg","0"
"image25785.jpg","0"
"1039.jpg","0"
"JA222S0N0-M1210.jpg","0"
"TP822S090-N118.jpg","0"
"2NA21J0HG-M161.1.jpg","0"
"2NA21J0ID-G1213.jpg","0"
"1066.jpg","0"
"1151.jpg","0"
"image22150.jpg","0"
"TOB21J013-A119.jpg","0"
"M0Y21J00K-C118.1.jpg","0"
"image31206.jpg","0"
"GP021J046-G1110.jpg","0"
"1357.jpg","0"
"BOM22S000-Q115.jpg","0"
"1000.jpg","0"
"2NA21J0M4-C131.1.jpg","0"
"image7966.jpg","0"
"image21847.jpg","0"
"2NA21J0JC-J111.1.jpg","0"
"1112.jpg","0"
"JA222Q0O5-C1123.jpg","0"
"NM321J03O-K117.jpg","0"
"TW421JA17-C1112.jpg","0"
"image6789.jpg","0"
"1154.jpg","0"
"C0T21J00K-I118.jpg","0"
"image1334.jpg","0"
"image4158.jpg","0"
"1480.jpg","0"
"A0F21J016-J118.jpg","0"
"UR622S04P-M112.1.jpg","0"
"2NA21J0IQ-C111.1.jpg","0"
"2NA21J0HW-K131.1.jpg","0"
"1719.jpg","0"
"JC422S004-K118.jpg","0"
"KIE22S00W-Q117.jpg","0"
"EL921J00Y-G118.jpg","0"
"C1821J02O-Q117.jpg","0"
"TWPGDJZXVSPDURHW.jpeg","0"
"image13922.jpg","0"
"GS122S07Z-K1120.jpg","0"
"TWPGHS3Z38JJGFEH.jpeg","0"
"PO222O05E-K118.jpg","0"
"H0422S02D-C1110.jpg","0"
"BOH22S00J-C1115.1.jpg","0"
"TP721J05E-E119.jpg","0"
"PE821J004-Q1110.jpg","0"
"UR621J01B-G114.1.jpg","0"
"1149.jpg","0"
"image5548.jpg","0"
"image15680.jpg","0"
"1417.jpg","0"
"image3554.jpg","0"
"1290.jpg","0"
"2NA22S0BQ-K121.1.jpg","0"
"JA222S11P-C118.jpg","0"
"1130.jpg","0"
"SU241G01F-Q1111.jpg","0"
"image24557.jpg","0"
"SU022S019-Q1110.jpg","0"
"R5922S010-Q118.jpg","0"
"2NA21J0KT-K121.1.jpg","0"
"image23647.jpg","0"
"JA222S14T-C1120.jpg","0"
"image25843.jpg","0"
"image30129.jpg","0"
"TWPGHS4BASUGDGZW.jpeg","0"
"1058.jpg","0"
"image12743.jpg","0"
"1172.jpg","0"
"image13589.jpg","0"
"1493.jpg","0"
"2NA22S06T-C1117.jpg","0"
"1400.jpg","0"
"1434.jpg","0"
"1083.jpg","0"
"image22839.jpg","0"
"TP822S0BR-I118.jpg","0"
"AD122S07Q-G118.jpg","0"
"1134.jpg","0"
"1137.jpg","0"
"BE922S009-G118.jpg","0"
"1665.jpg","0"
"1205.jpg","0"
"DDHG4AUEMCFAVU4F.jpeg","0"
"BT321I036-C121.1.jpg","0"
"image13878.jpg","0"
"1589.jpg","0"
"image2700.jpg","0"
"image8680.jpg","0"
"UR621J02Z-Q117.jpg","0"
"DK121J00M-A118.jpg","0"
"TA021I02X-K118.jpg","0"
"2NA21J0KU-C111.1.jpg","0"
"1217.jpg","0"
"image22617.jpg","0"
"image9057.jpg","0"
"SO222S07T-Q1115.jpg","0"
"ON522S00G-K1110.jpg","0"
"1308.jpg","0"
"1031.jpg","0"
"SO221J06I-A1118.jpg","0"
"1462.jpg","0"
